mkdir: %_DEST%\inc%_EXT%\boost
mkdir: %_DEST%\inc%_EXT%\boost\accumulators
mkdir: %_DEST%\inc%_EXT%\boost\accumulators\framework
mkdir: %_DEST%\inc%_EXT%\boost\accumulators\framework\accumulators
mkdir: %_DEST%\inc%_EXT%\boost\accumulators\framework\parameters
mkdir: %_DEST%\inc%_EXT%\boost\accumulators\numeric
mkdir: %_DEST%\inc%_EXT%\boost\accumulators\numeric\detail
mkdir: %_DEST%\inc%_EXT%\boost\accumulators\numeric\functional
mkdir: %_DEST%\inc%_EXT%\boost\accumulators\statistics
mkdir: %_DEST%\inc%_EXT%\boost\accumulators\statistics\parameters
mkdir: %_DEST%\inc%_EXT%\boost\accumulators\statistics\variates
mkdir: %_DEST%\inc%_EXT%\boost\algorithm
mkdir: %_DEST%\inc%_EXT%\boost\algorithm\cxx11
mkdir: %_DEST%\inc%_EXT%\boost\algorithm\cxx14
mkdir: %_DEST%\inc%_EXT%\boost\algorithm\cxx17
mkdir: %_DEST%\inc%_EXT%\boost\algorithm\searching
mkdir: %_DEST%\inc%_EXT%\boost\algorithm\searching\detail
mkdir: %_DEST%\inc%_EXT%\boost\algorithm\string
mkdir: %_DEST%\inc%_EXT%\boost\algorithm\string\detail
mkdir: %_DEST%\inc%_EXT%\boost\algorithm\string\std
mkdir: %_DEST%\inc%_EXT%\boost\archive
mkdir: %_DEST%\inc%_EXT%\boost\archive\detail
mkdir: %_DEST%\inc%_EXT%\boost\archive\impl
mkdir: %_DEST%\inc%_EXT%\boost\archive\iterators
mkdir: %_DEST%\inc%_EXT%\boost\asio
mkdir: %_DEST%\inc%_EXT%\boost\asio\detail
mkdir: %_DEST%\inc%_EXT%\boost\asio\detail\impl
mkdir: %_DEST%\inc%_EXT%\boost\asio\execution
mkdir: %_DEST%\inc%_EXT%\boost\asio\execution\impl
mkdir: %_DEST%\inc%_EXT%\boost\asio\experimental
mkdir: %_DEST%\inc%_EXT%\boost\asio\experimental\detail
mkdir: %_DEST%\inc%_EXT%\boost\asio\experimental\detail\impl
mkdir: %_DEST%\inc%_EXT%\boost\asio\experimental\impl
mkdir: %_DEST%\inc%_EXT%\boost\asio\generic
mkdir: %_DEST%\inc%_EXT%\boost\asio\generic\detail
mkdir: %_DEST%\inc%_EXT%\boost\asio\generic\detail\impl
mkdir: %_DEST%\inc%_EXT%\boost\asio\impl
mkdir: %_DEST%\inc%_EXT%\boost\asio\ip
mkdir: %_DEST%\inc%_EXT%\boost\asio\ip\detail
mkdir: %_DEST%\inc%_EXT%\boost\asio\ip\detail\impl
mkdir: %_DEST%\inc%_EXT%\boost\asio\ip\impl
mkdir: %_DEST%\inc%_EXT%\boost\asio\local
mkdir: %_DEST%\inc%_EXT%\boost\asio\local\detail
mkdir: %_DEST%\inc%_EXT%\boost\asio\local\detail\impl
mkdir: %_DEST%\inc%_EXT%\boost\asio\posix
mkdir: %_DEST%\inc%_EXT%\boost\asio\ssl
mkdir: %_DEST%\inc%_EXT%\boost\asio\ssl\detail
mkdir: %_DEST%\inc%_EXT%\boost\asio\ssl\detail\impl
mkdir: %_DEST%\inc%_EXT%\boost\asio\ssl\impl
mkdir: %_DEST%\inc%_EXT%\boost\asio\ssl\old
mkdir: %_DEST%\inc%_EXT%\boost\asio\ssl\old\detail
mkdir: %_DEST%\inc%_EXT%\boost\asio\traits
mkdir: %_DEST%\inc%_EXT%\boost\asio\ts
mkdir: %_DEST%\inc%_EXT%\boost\asio\windows
mkdir: %_DEST%\inc%_EXT%\boost\assert
mkdir: %_DEST%\inc%_EXT%\boost\assign
mkdir: %_DEST%\inc%_EXT%\boost\assign\std
mkdir: %_DEST%\inc%_EXT%\boost\atomic
mkdir: %_DEST%\inc%_EXT%\boost\atomic\detail
mkdir: %_DEST%\inc%_EXT%\boost\atomic\detail\type_traits
mkdir: %_DEST%\inc%_EXT%\boost\bimap
mkdir: %_DEST%\inc%_EXT%\boost\bimap\container_adaptor
mkdir: %_DEST%\inc%_EXT%\boost\bimap\container_adaptor\detail
mkdir: %_DEST%\inc%_EXT%\boost\bimap\container_adaptor\support
mkdir: %_DEST%\inc%_EXT%\boost\bimap\detail
mkdir: %_DEST%\inc%_EXT%\boost\bimap\detail\debug
mkdir: %_DEST%\inc%_EXT%\boost\bimap\detail\test
mkdir: %_DEST%\inc%_EXT%\boost\bimap\property_map
mkdir: %_DEST%\inc%_EXT%\boost\bimap\relation
mkdir: %_DEST%\inc%_EXT%\boost\bimap\relation\detail
mkdir: %_DEST%\inc%_EXT%\boost\bimap\relation\support
mkdir: %_DEST%\inc%_EXT%\boost\bimap\support
mkdir: %_DEST%\inc%_EXT%\boost\bimap\tags
mkdir: %_DEST%\inc%_EXT%\boost\bimap\tags\support
mkdir: %_DEST%\inc%_EXT%\boost\bimap\views
mkdir: %_DEST%\inc%_EXT%\boost\bind
mkdir: %_DEST%\inc%_EXT%\boost\bind\detail
mkdir: %_DEST%\inc%_EXT%\boost\chrono
mkdir: %_DEST%\inc%_EXT%\boost\chrono\detail
mkdir: %_DEST%\inc%_EXT%\boost\chrono\detail\inlined
mkdir: %_DEST%\inc%_EXT%\boost\chrono\detail\inlined\mac
mkdir: %_DEST%\inc%_EXT%\boost\chrono\detail\inlined\posix
mkdir: %_DEST%\inc%_EXT%\boost\chrono\detail\inlined\win
mkdir: %_DEST%\inc%_EXT%\boost\chrono\detail\no_warning
mkdir: %_DEST%\inc%_EXT%\boost\chrono\io
mkdir: %_DEST%\inc%_EXT%\boost\chrono\io\utility
mkdir: %_DEST%\inc%_EXT%\boost\chrono\io_v1
mkdir: %_DEST%\inc%_EXT%\boost\chrono\typeof
mkdir: %_DEST%\inc%_EXT%\boost\chrono\typeof\boost
mkdir: %_DEST%\inc%_EXT%\boost\chrono\typeof\boost\chrono
mkdir: %_DEST%\inc%_EXT%\boost\circular_buffer
mkdir: %_DEST%\inc%_EXT%\boost\compatibility
mkdir: %_DEST%\inc%_EXT%\boost\compatibility\cpp_c_headers
mkdir: %_DEST%\inc%_EXT%\boost\concept
mkdir: %_DEST%\inc%_EXT%\boost\concept\detail
mkdir: %_DEST%\inc%_EXT%\boost\concept_check
mkdir: %_DEST%\inc%_EXT%\boost\config
mkdir: %_DEST%\inc%_EXT%\boost\config\abi
mkdir: %_DEST%\inc%_EXT%\boost\config\compiler
mkdir: %_DEST%\inc%_EXT%\boost\config\detail
mkdir: %_DEST%\inc%_EXT%\boost\config\no_tr1
mkdir: %_DEST%\inc%_EXT%\boost\config\platform
mkdir: %_DEST%\inc%_EXT%\boost\config\stdlib
mkdir: %_DEST%\inc%_EXT%\boost\container
mkdir: %_DEST%\inc%_EXT%\boost\container\detail
mkdir: %_DEST%\inc%_EXT%\boost\container\pmr
mkdir: %_DEST%\inc%_EXT%\boost\container_hash
mkdir: %_DEST%\inc%_EXT%\boost\container_hash\detail
mkdir: %_DEST%\inc%_EXT%\boost\core
mkdir: %_DEST%\inc%_EXT%\boost\core\detail
mkdir: %_DEST%\inc%_EXT%\boost\coroutine
mkdir: %_DEST%\inc%_EXT%\boost\coroutine\detail
mkdir: %_DEST%\inc%_EXT%\boost\coroutine\posix
mkdir: %_DEST%\inc%_EXT%\boost\coroutine\v1
mkdir: %_DEST%\inc%_EXT%\boost\coroutine\v1\detail
mkdir: %_DEST%\inc%_EXT%\boost\coroutine\v2
mkdir: %_DEST%\inc%_EXT%\boost\coroutine\v2\detail
mkdir: %_DEST%\inc%_EXT%\boost\coroutine\windows
mkdir: %_DEST%\inc%_EXT%\boost\date_time
mkdir: %_DEST%\inc%_EXT%\boost\date_time\gregorian
mkdir: %_DEST%\inc%_EXT%\boost\date_time\local_time
mkdir: %_DEST%\inc%_EXT%\boost\date_time\posix_time
mkdir: %_DEST%\inc%_EXT%\boost\describe
mkdir: %_DEST%\inc%_EXT%\boost\describe\detail
mkdir: %_DEST%\inc%_EXT%\boost\detail
mkdir: %_DEST%\inc%_EXT%\boost\detail\win
mkdir: %_DEST%\inc%_EXT%\boost\detail\winapi
mkdir: %_DEST%\inc%_EXT%\boost\detail\winapi\detail
mkdir: %_DEST%\inc%_EXT%\boost\dynamic_bitset
mkdir: %_DEST%\inc%_EXT%\boost\dynamic_bitset\detail
mkdir: %_DEST%\inc%_EXT%\boost\exception
mkdir: %_DEST%\inc%_EXT%\boost\exception\detail
mkdir: %_DEST%\inc%_EXT%\boost\filesystem
mkdir: %_DEST%\inc%_EXT%\boost\filesystem\detail
mkdir: %_DEST%\inc%_EXT%\boost\filesystem\v2
mkdir: %_DEST%\inc%_EXT%\boost\filesystem\v3
mkdir: %_DEST%\inc%_EXT%\boost\flyweight
mkdir: %_DEST%\inc%_EXT%\boost\flyweight\detail
mkdir: %_DEST%\inc%_EXT%\boost\format
mkdir: %_DEST%\inc%_EXT%\boost\format\detail
mkdir: %_DEST%\inc%_EXT%\boost\function
mkdir: %_DEST%\inc%_EXT%\boost\function\detail
mkdir: %_DEST%\inc%_EXT%\boost\function_types
mkdir: %_DEST%\inc%_EXT%\boost\function_types\config
mkdir: %_DEST%\inc%_EXT%\boost\function_types\detail
mkdir: %_DEST%\inc%_EXT%\boost\function_types\detail\classifier_impl
mkdir: %_DEST%\inc%_EXT%\boost\function_types\detail\components_impl
mkdir: %_DEST%\inc%_EXT%\boost\function_types\detail\encoding
mkdir: %_DEST%\inc%_EXT%\boost\function_types\detail\pp_cc_loop
mkdir: %_DEST%\inc%_EXT%\boost\function_types\detail\pp_retag_default_cc
mkdir: %_DEST%\inc%_EXT%\boost\function_types\detail\pp_tags
mkdir: %_DEST%\inc%_EXT%\boost\function_types\detail\pp_variate_loop
mkdir: %_DEST%\inc%_EXT%\boost\function_types\detail\synthesize_impl
mkdir: %_DEST%\inc%_EXT%\boost\functional
mkdir: %_DEST%\inc%_EXT%\boost\functional\detail
mkdir: %_DEST%\inc%_EXT%\boost\functional\hash
mkdir: %_DEST%\inc%_EXT%\boost\functional\hash\detail
mkdir: %_DEST%\inc%_EXT%\boost\functional\overloaded_function
mkdir: %_DEST%\inc%_EXT%\boost\functional\overloaded_function\detail
mkdir: %_DEST%\inc%_EXT%\boost\fusion
mkdir: %_DEST%\inc%_EXT%\boost\fusion\adapted
mkdir: %_DEST%\inc%_EXT%\boost\fusion\adapted\adt
mkdir: %_DEST%\inc%_EXT%\boost\fusion\adapted\adt\detail
mkdir: %_DEST%\inc%_EXT%\boost\fusion\adapted\array
mkdir: %_DEST%\inc%_EXT%\boost\fusion\adapted\boost_array
mkdir: %_DEST%\inc%_EXT%\boost\fusion\adapted\boost_array\detail
mkdir: %_DEST%\inc%_EXT%\boost\fusion\adapted\boost_tuple
mkdir: %_DEST%\inc%_EXT%\boost\fusion\adapted\boost_tuple\detail
mkdir: %_DEST%\inc%_EXT%\boost\fusion\adapted\boost_tuple\mpl
mkdir: %_DEST%\inc%_EXT%\boost\fusion\adapted\mpl
mkdir: %_DEST%\inc%_EXT%\boost\fusion\adapted\mpl\detail
mkdir: %_DEST%\inc%_EXT%\boost\fusion\adapted\std_array
mkdir: %_DEST%\inc%_EXT%\boost\fusion\adapted\std_array\detail
mkdir: %_DEST%\inc%_EXT%\boost\fusion\adapted\std_tuple
mkdir: %_DEST%\inc%_EXT%\boost\fusion\adapted\std_tuple\detail
mkdir: %_DEST%\inc%_EXT%\boost\fusion\adapted\std_tuple\mpl
mkdir: %_DEST%\inc%_EXT%\boost\fusion\adapted\struct
mkdir: %_DEST%\inc%_EXT%\boost\fusion\adapted\struct\detail
mkdir: %_DEST%\inc%_EXT%\boost\fusion\adapted\struct\detail\preprocessor
mkdir: %_DEST%\inc%_EXT%\boost\fusion\algorithm
mkdir: %_DEST%\inc%_EXT%\boost\fusion\algorithm\auxiliary
mkdir: %_DEST%\inc%_EXT%\boost\fusion\algorithm\iteration
mkdir: %_DEST%\inc%_EXT%\boost\fusion\algorithm\iteration\detail
mkdir: %_DEST%\inc%_EXT%\boost\fusion\algorithm\iteration\detail\preprocessed
mkdir: %_DEST%\inc%_EXT%\boost\fusion\algorithm\query
mkdir: %_DEST%\inc%_EXT%\boost\fusion\algorithm\query\detail
mkdir: %_DEST%\inc%_EXT%\boost\fusion\algorithm\transformation
mkdir: %_DEST%\inc%_EXT%\boost\fusion\algorithm\transformation\detail
mkdir: %_DEST%\inc%_EXT%\boost\fusion\algorithm\transformation\detail\preprocessed
mkdir: %_DEST%\inc%_EXT%\boost\fusion\container
mkdir: %_DEST%\inc%_EXT%\boost\fusion\container\deque
mkdir: %_DEST%\inc%_EXT%\boost\fusion\container\deque\detail
mkdir: %_DEST%\inc%_EXT%\boost\fusion\container\deque\detail\cpp03
mkdir: %_DEST%\inc%_EXT%\boost\fusion\container\deque\detail\cpp03\preprocessed
mkdir: %_DEST%\inc%_EXT%\boost\fusion\container\deque\detail\preprocessed
mkdir: %_DEST%\inc%_EXT%\boost\fusion\container\generation
mkdir: %_DEST%\inc%_EXT%\boost\fusion\container\generation\detail
mkdir: %_DEST%\inc%_EXT%\boost\fusion\container\generation\detail\preprocessed
mkdir: %_DEST%\inc%_EXT%\boost\fusion\container\list
mkdir: %_DEST%\inc%_EXT%\boost\fusion\container\list\detail
mkdir: %_DEST%\inc%_EXT%\boost\fusion\container\list\detail\cpp03
mkdir: %_DEST%\inc%_EXT%\boost\fusion\container\list\detail\cpp03\preprocessed
mkdir: %_DEST%\inc%_EXT%\boost\fusion\container\list\detail\preprocessed
mkdir: %_DEST%\inc%_EXT%\boost\fusion\container\map
mkdir: %_DEST%\inc%_EXT%\boost\fusion\container\map\detail
mkdir: %_DEST%\inc%_EXT%\boost\fusion\container\map\detail\cpp03
mkdir: %_DEST%\inc%_EXT%\boost\fusion\container\map\detail\cpp03\preprocessed
mkdir: %_DEST%\inc%_EXT%\boost\fusion\container\map\detail\preprocessed
mkdir: %_DEST%\inc%_EXT%\boost\fusion\container\set
mkdir: %_DEST%\inc%_EXT%\boost\fusion\container\set\detail
mkdir: %_DEST%\inc%_EXT%\boost\fusion\container\set\detail\cpp03
mkdir: %_DEST%\inc%_EXT%\boost\fusion\container\set\detail\cpp03\preprocessed
mkdir: %_DEST%\inc%_EXT%\boost\fusion\container\set\detail\preprocessed
mkdir: %_DEST%\inc%_EXT%\boost\fusion\container\vector
mkdir: %_DEST%\inc%_EXT%\boost\fusion\container\vector\detail
mkdir: %_DEST%\inc%_EXT%\boost\fusion\container\vector\detail\cpp03
mkdir: %_DEST%\inc%_EXT%\boost\fusion\container\vector\detail\cpp03\preprocessed
mkdir: %_DEST%\inc%_EXT%\boost\fusion\container\vector\detail\preprocessed
mkdir: %_DEST%\inc%_EXT%\boost\fusion\functional
mkdir: %_DEST%\inc%_EXT%\boost\fusion\functional\adapter
mkdir: %_DEST%\inc%_EXT%\boost\fusion\functional\adapter\detail
mkdir: %_DEST%\inc%_EXT%\boost\fusion\functional\generation
mkdir: %_DEST%\inc%_EXT%\boost\fusion\functional\generation\detail
mkdir: %_DEST%\inc%_EXT%\boost\fusion\functional\invocation
mkdir: %_DEST%\inc%_EXT%\boost\fusion\functional\invocation\detail
mkdir: %_DEST%\inc%_EXT%\boost\fusion\include
mkdir: %_DEST%\inc%_EXT%\boost\fusion\iterator
mkdir: %_DEST%\inc%_EXT%\boost\fusion\iterator\detail
mkdir: %_DEST%\inc%_EXT%\boost\fusion\iterator\mpl
mkdir: %_DEST%\inc%_EXT%\boost\fusion\mpl
mkdir: %_DEST%\inc%_EXT%\boost\fusion\mpl\detail
mkdir: %_DEST%\inc%_EXT%\boost\fusion\sequence
mkdir: %_DEST%\inc%_EXT%\boost\fusion\sequence\comparison
mkdir: %_DEST%\inc%_EXT%\boost\fusion\sequence\comparison\detail
mkdir: %_DEST%\inc%_EXT%\boost\fusion\sequence\intrinsic
mkdir: %_DEST%\inc%_EXT%\boost\fusion\sequence\intrinsic\detail
mkdir: %_DEST%\inc%_EXT%\boost\fusion\sequence\io
mkdir: %_DEST%\inc%_EXT%\boost\fusion\sequence\io\detail
mkdir: %_DEST%\inc%_EXT%\boost\fusion\support
mkdir: %_DEST%\inc%_EXT%\boost\fusion\support\detail
mkdir: %_DEST%\inc%_EXT%\boost\fusion\tuple
mkdir: %_DEST%\inc%_EXT%\boost\fusion\tuple\detail
mkdir: %_DEST%\inc%_EXT%\boost\fusion\tuple\detail\preprocessed
mkdir: %_DEST%\inc%_EXT%\boost\fusion\view
mkdir: %_DEST%\inc%_EXT%\boost\fusion\view\detail
mkdir: %_DEST%\inc%_EXT%\boost\fusion\view\filter_view
mkdir: %_DEST%\inc%_EXT%\boost\fusion\view\filter_view\detail
mkdir: %_DEST%\inc%_EXT%\boost\fusion\view\flatten_view
mkdir: %_DEST%\inc%_EXT%\boost\fusion\view\identity_view
mkdir: %_DEST%\inc%_EXT%\boost\fusion\view\iterator_range
mkdir: %_DEST%\inc%_EXT%\boost\fusion\view\iterator_range\detail
mkdir: %_DEST%\inc%_EXT%\boost\fusion\view\joint_view
mkdir: %_DEST%\inc%_EXT%\boost\fusion\view\joint_view\detail
mkdir: %_DEST%\inc%_EXT%\boost\fusion\view\nview
mkdir: %_DEST%\inc%_EXT%\boost\fusion\view\nview\detail
mkdir: %_DEST%\inc%_EXT%\boost\fusion\view\nview\detail\cpp03
mkdir: %_DEST%\inc%_EXT%\boost\fusion\view\repetitive_view
mkdir: %_DEST%\inc%_EXT%\boost\fusion\view\repetitive_view\detail
mkdir: %_DEST%\inc%_EXT%\boost\fusion\view\reverse_view
mkdir: %_DEST%\inc%_EXT%\boost\fusion\view\reverse_view\detail
mkdir: %_DEST%\inc%_EXT%\boost\fusion\view\single_view
mkdir: %_DEST%\inc%_EXT%\boost\fusion\view\single_view\detail
mkdir: %_DEST%\inc%_EXT%\boost\fusion\view\transform_view
mkdir: %_DEST%\inc%_EXT%\boost\fusion\view\transform_view\detail
mkdir: %_DEST%\inc%_EXT%\boost\fusion\view\zip_view
mkdir: %_DEST%\inc%_EXT%\boost\fusion\view\zip_view\detail
mkdir: %_DEST%\inc%_EXT%\boost\geometry
mkdir: %_DEST%\inc%_EXT%\boost\geometry\algorithms
mkdir: %_DEST%\inc%_EXT%\boost\geometry\algorithms\detail
mkdir: %_DEST%\inc%_EXT%\boost\geometry\algorithms\detail\buffer
mkdir: %_DEST%\inc%_EXT%\boost\geometry\algorithms\detail\centroid
mkdir: %_DEST%\inc%_EXT%\boost\geometry\algorithms\detail\closest_feature
mkdir: %_DEST%\inc%_EXT%\boost\geometry\algorithms\detail\closest_points
mkdir: %_DEST%\inc%_EXT%\boost\geometry\algorithms\detail\comparable_distance
mkdir: %_DEST%\inc%_EXT%\boost\geometry\algorithms\detail\convex_hull
mkdir: %_DEST%\inc%_EXT%\boost\geometry\algorithms\detail\covered_by
mkdir: %_DEST%\inc%_EXT%\boost\geometry\algorithms\detail\disjoint
mkdir: %_DEST%\inc%_EXT%\boost\geometry\algorithms\detail\distance
mkdir: %_DEST%\inc%_EXT%\boost\geometry\algorithms\detail\envelope
mkdir: %_DEST%\inc%_EXT%\boost\geometry\algorithms\detail\equals
mkdir: %_DEST%\inc%_EXT%\boost\geometry\algorithms\detail\expand
mkdir: %_DEST%\inc%_EXT%\boost\geometry\algorithms\detail\intersection
mkdir: %_DEST%\inc%_EXT%\boost\geometry\algorithms\detail\intersects
mkdir: %_DEST%\inc%_EXT%\boost\geometry\algorithms\detail\is_simple
mkdir: %_DEST%\inc%_EXT%\boost\geometry\algorithms\detail\is_valid
mkdir: %_DEST%\inc%_EXT%\boost\geometry\algorithms\detail\make
mkdir: %_DEST%\inc%_EXT%\boost\geometry\algorithms\detail\overlaps
mkdir: %_DEST%\inc%_EXT%\boost\geometry\algorithms\detail\overlay
mkdir: %_DEST%\inc%_EXT%\boost\geometry\algorithms\detail\relate
mkdir: %_DEST%\inc%_EXT%\boost\geometry\algorithms\detail\relation
mkdir: %_DEST%\inc%_EXT%\boost\geometry\algorithms\detail\sections
mkdir: %_DEST%\inc%_EXT%\boost\geometry\algorithms\detail\touches
mkdir: %_DEST%\inc%_EXT%\boost\geometry\algorithms\detail\turns
mkdir: %_DEST%\inc%_EXT%\boost\geometry\algorithms\detail\within
mkdir: %_DEST%\inc%_EXT%\boost\geometry\algorithms\dispatch
mkdir: %_DEST%\inc%_EXT%\boost\geometry\arithmetic
mkdir: %_DEST%\inc%_EXT%\boost\geometry\core
mkdir: %_DEST%\inc%_EXT%\boost\geometry\domains
mkdir: %_DEST%\inc%_EXT%\boost\geometry\domains\gis
mkdir: %_DEST%\inc%_EXT%\boost\geometry\domains\gis\io
mkdir: %_DEST%\inc%_EXT%\boost\geometry\domains\gis\io\wkt
mkdir: %_DEST%\inc%_EXT%\boost\geometry\domains\gis\io\wkt\detail
mkdir: %_DEST%\inc%_EXT%\boost\geometry\formulas
mkdir: %_DEST%\inc%_EXT%\boost\geometry\geometries
mkdir: %_DEST%\inc%_EXT%\boost\geometry\geometries\adapted
mkdir: %_DEST%\inc%_EXT%\boost\geometry\geometries\adapted\boost_polygon
mkdir: %_DEST%\inc%_EXT%\boost\geometry\geometries\adapted\boost_range
mkdir: %_DEST%\inc%_EXT%\boost\geometry\geometries\adapted\detail
mkdir: %_DEST%\inc%_EXT%\boost\geometry\geometries\concepts
mkdir: %_DEST%\inc%_EXT%\boost\geometry\geometries\register
mkdir: %_DEST%\inc%_EXT%\boost\geometry\index
mkdir: %_DEST%\inc%_EXT%\boost\geometry\index\adaptors
mkdir: %_DEST%\inc%_EXT%\boost\geometry\index\detail
mkdir: %_DEST%\inc%_EXT%\boost\geometry\index\detail\algorithms
mkdir: %_DEST%\inc%_EXT%\boost\geometry\index\detail\rtree
mkdir: %_DEST%\inc%_EXT%\boost\geometry\index\detail\rtree\kmeans
mkdir: %_DEST%\inc%_EXT%\boost\geometry\index\detail\rtree\linear
mkdir: %_DEST%\inc%_EXT%\boost\geometry\index\detail\rtree\node
mkdir: %_DEST%\inc%_EXT%\boost\geometry\index\detail\rtree\quadratic
mkdir: %_DEST%\inc%_EXT%\boost\geometry\index\detail\rtree\rstar
mkdir: %_DEST%\inc%_EXT%\boost\geometry\index\detail\rtree\utilities
mkdir: %_DEST%\inc%_EXT%\boost\geometry\index\detail\rtree\visitors
mkdir: %_DEST%\inc%_EXT%\boost\geometry\io
mkdir: %_DEST%\inc%_EXT%\boost\geometry\io\dsv
mkdir: %_DEST%\inc%_EXT%\boost\geometry\io\svg
mkdir: %_DEST%\inc%_EXT%\boost\geometry\io\wkt
mkdir: %_DEST%\inc%_EXT%\boost\geometry\io\wkt\detail
mkdir: %_DEST%\inc%_EXT%\boost\geometry\iterators
mkdir: %_DEST%\inc%_EXT%\boost\geometry\iterators\detail
mkdir: %_DEST%\inc%_EXT%\boost\geometry\iterators\detail\point_iterator
mkdir: %_DEST%\inc%_EXT%\boost\geometry\iterators\detail\segment_iterator
mkdir: %_DEST%\inc%_EXT%\boost\geometry\iterators\dispatch
mkdir: %_DEST%\inc%_EXT%\boost\geometry\multi
mkdir: %_DEST%\inc%_EXT%\boost\geometry\multi\algorithms
mkdir: %_DEST%\inc%_EXT%\boost\geometry\multi\algorithms\detail
mkdir: %_DEST%\inc%_EXT%\boost\geometry\multi\algorithms\detail\overlay
mkdir: %_DEST%\inc%_EXT%\boost\geometry\multi\algorithms\detail\sections
mkdir: %_DEST%\inc%_EXT%\boost\geometry\multi\core
mkdir: %_DEST%\inc%_EXT%\boost\geometry\multi\geometries
mkdir: %_DEST%\inc%_EXT%\boost\geometry\multi\geometries\concepts
mkdir: %_DEST%\inc%_EXT%\boost\geometry\multi\geometries\register
mkdir: %_DEST%\inc%_EXT%\boost\geometry\multi\io
mkdir: %_DEST%\inc%_EXT%\boost\geometry\multi\io\dsv
mkdir: %_DEST%\inc%_EXT%\boost\geometry\multi\io\wkt
mkdir: %_DEST%\inc%_EXT%\boost\geometry\multi\io\wkt\detail
mkdir: %_DEST%\inc%_EXT%\boost\geometry\multi\strategies
mkdir: %_DEST%\inc%_EXT%\boost\geometry\multi\strategies\cartesian
mkdir: %_DEST%\inc%_EXT%\boost\geometry\multi\util
mkdir: %_DEST%\inc%_EXT%\boost\geometry\multi\views
mkdir: %_DEST%\inc%_EXT%\boost\geometry\multi\views\detail
mkdir: %_DEST%\inc%_EXT%\boost\geometry\policies
mkdir: %_DEST%\inc%_EXT%\boost\geometry\policies\is_valid
mkdir: %_DEST%\inc%_EXT%\boost\geometry\policies\relate
mkdir: %_DEST%\inc%_EXT%\boost\geometry\policies\robustness
mkdir: %_DEST%\inc%_EXT%\boost\geometry\srs
mkdir: %_DEST%\inc%_EXT%\boost\geometry\srs\projections
mkdir: %_DEST%\inc%_EXT%\boost\geometry\srs\projections\impl
mkdir: %_DEST%\inc%_EXT%\boost\geometry\srs\projections\proj
mkdir: %_DEST%\inc%_EXT%\boost\geometry\strategies
mkdir: %_DEST%\inc%_EXT%\boost\geometry\strategies\agnostic
mkdir: %_DEST%\inc%_EXT%\boost\geometry\strategies\area
mkdir: %_DEST%\inc%_EXT%\boost\geometry\strategies\azimuth
mkdir: %_DEST%\inc%_EXT%\boost\geometry\strategies\buffer
mkdir: %_DEST%\inc%_EXT%\boost\geometry\strategies\cartesian
mkdir: %_DEST%\inc%_EXT%\boost\geometry\strategies\centroid
mkdir: %_DEST%\inc%_EXT%\boost\geometry\strategies\closest_points
mkdir: %_DEST%\inc%_EXT%\boost\geometry\strategies\concepts
mkdir: %_DEST%\inc%_EXT%\boost\geometry\strategies\convex_hull
mkdir: %_DEST%\inc%_EXT%\boost\geometry\strategies\densify
mkdir: %_DEST%\inc%_EXT%\boost\geometry\strategies\discrete_distance
mkdir: %_DEST%\inc%_EXT%\boost\geometry\strategies\distance
mkdir: %_DEST%\inc%_EXT%\boost\geometry\strategies\envelope
mkdir: %_DEST%\inc%_EXT%\boost\geometry\strategies\expand
mkdir: %_DEST%\inc%_EXT%\boost\geometry\strategies\geographic
mkdir: %_DEST%\inc%_EXT%\boost\geometry\strategies\index
mkdir: %_DEST%\inc%_EXT%\boost\geometry\strategies\io
mkdir: %_DEST%\inc%_EXT%\boost\geometry\strategies\is_convex
mkdir: %_DEST%\inc%_EXT%\boost\geometry\strategies\length
mkdir: %_DEST%\inc%_EXT%\boost\geometry\strategies\line_interpolate
mkdir: %_DEST%\inc%_EXT%\boost\geometry\strategies\relate
mkdir: %_DEST%\inc%_EXT%\boost\geometry\strategies\simplify
mkdir: %_DEST%\inc%_EXT%\boost\geometry\strategies\spherical
mkdir: %_DEST%\inc%_EXT%\boost\geometry\strategies\transform
mkdir: %_DEST%\inc%_EXT%\boost\geometry\strategy
mkdir: %_DEST%\inc%_EXT%\boost\geometry\strategy\cartesian
mkdir: %_DEST%\inc%_EXT%\boost\geometry\strategy\geographic
mkdir: %_DEST%\inc%_EXT%\boost\geometry\strategy\spherical
mkdir: %_DEST%\inc%_EXT%\boost\geometry\util
mkdir: %_DEST%\inc%_EXT%\boost\geometry\views
mkdir: %_DEST%\inc%_EXT%\boost\geometry\views\detail
mkdir: %_DEST%\inc%_EXT%\boost\geometry\views\detail\boundary_view
mkdir: %_DEST%\inc%_EXT%\boost\gil
mkdir: %_DEST%\inc%_EXT%\boost\gil\concepts
mkdir: %_DEST%\inc%_EXT%\boost\gil\concepts\detail
mkdir: %_DEST%\inc%_EXT%\boost\gil\detail
mkdir: %_DEST%\inc%_EXT%\boost\gil\extension
mkdir: %_DEST%\inc%_EXT%\boost\gil\extension\dynamic_image
mkdir: %_DEST%\inc%_EXT%\boost\gil\extension\histogram
mkdir: %_DEST%\inc%_EXT%\boost\gil\extension\image_processing
mkdir: %_DEST%\inc%_EXT%\boost\gil\extension\io
mkdir: %_DEST%\inc%_EXT%\boost\gil\extension\io\bmp
mkdir: %_DEST%\inc%_EXT%\boost\gil\extension\io\bmp\detail
mkdir: %_DEST%\inc%_EXT%\boost\gil\extension\io\jpeg
mkdir: %_DEST%\inc%_EXT%\boost\gil\extension\io\jpeg\detail
mkdir: %_DEST%\inc%_EXT%\boost\gil\extension\io\png
mkdir: %_DEST%\inc%_EXT%\boost\gil\extension\io\png\detail
mkdir: %_DEST%\inc%_EXT%\boost\gil\extension\io\pnm
mkdir: %_DEST%\inc%_EXT%\boost\gil\extension\io\pnm\detail
mkdir: %_DEST%\inc%_EXT%\boost\gil\extension\io\raw
mkdir: %_DEST%\inc%_EXT%\boost\gil\extension\io\raw\detail
mkdir: %_DEST%\inc%_EXT%\boost\gil\extension\io\targa
mkdir: %_DEST%\inc%_EXT%\boost\gil\extension\io\targa\detail
mkdir: %_DEST%\inc%_EXT%\boost\gil\extension\io\tiff
mkdir: %_DEST%\inc%_EXT%\boost\gil\extension\io\tiff\detail
mkdir: %_DEST%\inc%_EXT%\boost\gil\extension\numeric
mkdir: %_DEST%\inc%_EXT%\boost\gil\extension\rasterization
mkdir: %_DEST%\inc%_EXT%\boost\gil\extension\toolbox
mkdir: %_DEST%\inc%_EXT%\boost\gil\extension\toolbox\color_converters
mkdir: %_DEST%\inc%_EXT%\boost\gil\extension\toolbox\color_spaces
mkdir: %_DEST%\inc%_EXT%\boost\gil\extension\toolbox\image_types
mkdir: %_DEST%\inc%_EXT%\boost\gil\extension\toolbox\metafunctions
mkdir: %_DEST%\inc%_EXT%\boost\gil\image_processing
mkdir: %_DEST%\inc%_EXT%\boost\gil\io
mkdir: %_DEST%\inc%_EXT%\boost\gil\io\detail
mkdir: %_DEST%\inc%_EXT%\boost\graph
mkdir: %_DEST%\inc%_EXT%\boost\graph\detail
mkdir: %_DEST%\inc%_EXT%\boost\graph\distributed
mkdir: %_DEST%\inc%_EXT%\boost\graph\distributed\adjlist
mkdir: %_DEST%\inc%_EXT%\boost\graph\distributed\detail
mkdir: %_DEST%\inc%_EXT%\boost\graph\parallel
mkdir: %_DEST%\inc%_EXT%\boost\graph\parallel\detail
mkdir: %_DEST%\inc%_EXT%\boost\graph\planar_detail
mkdir: %_DEST%\inc%_EXT%\boost\graph\property_maps
mkdir: %_DEST%\inc%_EXT%\boost\icl
mkdir: %_DEST%\inc%_EXT%\boost\icl\concept
mkdir: %_DEST%\inc%_EXT%\boost\icl\detail
mkdir: %_DEST%\inc%_EXT%\boost\icl\predicates
mkdir: %_DEST%\inc%_EXT%\boost\icl\type_traits
mkdir: %_DEST%\inc%_EXT%\boost\integer
mkdir: %_DEST%\inc%_EXT%\boost\interprocess
mkdir: %_DEST%\inc%_EXT%\boost\interprocess\allocators
mkdir: %_DEST%\inc%_EXT%\boost\interprocess\allocators\detail
mkdir: %_DEST%\inc%_EXT%\boost\interprocess\containers
mkdir: %_DEST%\inc%_EXT%\boost\interprocess\detail
mkdir: %_DEST%\inc%_EXT%\boost\interprocess\indexes
mkdir: %_DEST%\inc%_EXT%\boost\interprocess\ipc
mkdir: %_DEST%\inc%_EXT%\boost\interprocess\mem_algo
mkdir: %_DEST%\inc%_EXT%\boost\interprocess\mem_algo\detail
mkdir: %_DEST%\inc%_EXT%\boost\interprocess\smart_ptr
mkdir: %_DEST%\inc%_EXT%\boost\interprocess\smart_ptr\detail
mkdir: %_DEST%\inc%_EXT%\boost\interprocess\streams
mkdir: %_DEST%\inc%_EXT%\boost\interprocess\sync
mkdir: %_DEST%\inc%_EXT%\boost\interprocess\sync\detail
mkdir: %_DEST%\inc%_EXT%\boost\interprocess\sync\emulation
mkdir: %_DEST%\inc%_EXT%\boost\interprocess\sync\posix
mkdir: %_DEST%\inc%_EXT%\boost\interprocess\sync\shm
mkdir: %_DEST%\inc%_EXT%\boost\interprocess\sync\spin
mkdir: %_DEST%\inc%_EXT%\boost\interprocess\sync\windows
mkdir: %_DEST%\inc%_EXT%\boost\interprocess\sync\xsi
mkdir: %_DEST%\inc%_EXT%\boost\intrusive
mkdir: %_DEST%\inc%_EXT%\boost\intrusive\detail
mkdir: %_DEST%\inc%_EXT%\boost\io
mkdir: %_DEST%\inc%_EXT%\boost\io\detail
mkdir: %_DEST%\inc%_EXT%\boost\iostreams
mkdir: %_DEST%\inc%_EXT%\boost\iostreams\detail
mkdir: %_DEST%\inc%_EXT%\boost\iostreams\detail\adapter
mkdir: %_DEST%\inc%_EXT%\boost\iostreams\detail\broken_overload_resolution
mkdir: %_DEST%\inc%_EXT%\boost\iostreams\detail\config
mkdir: %_DEST%\inc%_EXT%\boost\iostreams\detail\streambuf
mkdir: %_DEST%\inc%_EXT%\boost\iostreams\detail\vc6
mkdir: %_DEST%\inc%_EXT%\boost\iostreams\device
mkdir: %_DEST%\inc%_EXT%\boost\iostreams\filter
mkdir: %_DEST%\inc%_EXT%\boost\iterator
mkdir: %_DEST%\inc%_EXT%\boost\iterator\detail
mkdir: %_DEST%\inc%_EXT%\boost\lambda
mkdir: %_DEST%\inc%_EXT%\boost\lambda\detail
mkdir: %_DEST%\inc%_EXT%\boost\lexical_cast
mkdir: %_DEST%\inc%_EXT%\boost\lexical_cast\detail
mkdir: %_DEST%\inc%_EXT%\boost\locale
mkdir: %_DEST%\inc%_EXT%\boost\locale\boundary
mkdir: %_DEST%\inc%_EXT%\boost\logic
mkdir: %_DEST%\inc%_EXT%\boost\math
mkdir: %_DEST%\inc%_EXT%\boost\math\bindings
mkdir: %_DEST%\inc%_EXT%\boost\math\bindings\detail
mkdir: %_DEST%\inc%_EXT%\boost\math\ccmath
mkdir: %_DEST%\inc%_EXT%\boost\math\ccmath\detail
mkdir: %_DEST%\inc%_EXT%\boost\math\complex
mkdir: %_DEST%\inc%_EXT%\boost\math\concepts
mkdir: %_DEST%\inc%_EXT%\boost\math\constants
mkdir: %_DEST%\inc%_EXT%\boost\math\cstdfloat
mkdir: %_DEST%\inc%_EXT%\boost\math\differentiation
mkdir: %_DEST%\inc%_EXT%\boost\math\distributions
mkdir: %_DEST%\inc%_EXT%\boost\math\distributions\detail
mkdir: %_DEST%\inc%_EXT%\boost\math\filters
mkdir: %_DEST%\inc%_EXT%\boost\math\interpolators
mkdir: %_DEST%\inc%_EXT%\boost\math\interpolators\detail
mkdir: %_DEST%\inc%_EXT%\boost\math\policies
mkdir: %_DEST%\inc%_EXT%\boost\math\quadrature
mkdir: %_DEST%\inc%_EXT%\boost\math\quadrature\detail
mkdir: %_DEST%\inc%_EXT%\boost\math\special_functions
mkdir: %_DEST%\inc%_EXT%\boost\math\special_functions\detail
mkdir: %_DEST%\inc%_EXT%\boost\math\statistics
mkdir: %_DEST%\inc%_EXT%\boost\math\statistics\detail
mkdir: %_DEST%\inc%_EXT%\boost\math\tools
mkdir: %_DEST%\inc%_EXT%\boost\math\tools\detail
mkdir: %_DEST%\inc%_EXT%\boost\move
mkdir: %_DEST%\inc%_EXT%\boost\move\algo
mkdir: %_DEST%\inc%_EXT%\boost\move\algo\detail
mkdir: %_DEST%\inc%_EXT%\boost\move\detail
mkdir: %_DEST%\inc%_EXT%\boost\mp11
mkdir: %_DEST%\inc%_EXT%\boost\mp11\detail
mkdir: %_DEST%\inc%_EXT%\boost\mpi
mkdir: %_DEST%\inc%_EXT%\boost\mpi\collectives
mkdir: %_DEST%\inc%_EXT%\boost\mpi\detail
mkdir: %_DEST%\inc%_EXT%\boost\mpi\python
mkdir: %_DEST%\inc%_EXT%\boost\mpl
mkdir: %_DEST%\inc%_EXT%\boost\mpl\aux_
mkdir: %_DEST%\inc%_EXT%\boost\mpl\aux_\config
mkdir: %_DEST%\inc%_EXT%\boost\mpl\aux_\preprocessed
mkdir: %_DEST%\inc%_EXT%\boost\mpl\aux_\preprocessed\bcc
mkdir: %_DEST%\inc%_EXT%\boost\mpl\aux_\preprocessed\bcc551
mkdir: %_DEST%\inc%_EXT%\boost\mpl\aux_\preprocessed\bcc_pre590
mkdir: %_DEST%\inc%_EXT%\boost\mpl\aux_\preprocessed\dmc
mkdir: %_DEST%\inc%_EXT%\boost\mpl\aux_\preprocessed\gcc
mkdir: %_DEST%\inc%_EXT%\boost\mpl\aux_\preprocessed\msvc60
mkdir: %_DEST%\inc%_EXT%\boost\mpl\aux_\preprocessed\msvc70
mkdir: %_DEST%\inc%_EXT%\boost\mpl\aux_\preprocessed\mwcw
mkdir: %_DEST%\inc%_EXT%\boost\mpl\aux_\preprocessed\no_ctps
mkdir: %_DEST%\inc%_EXT%\boost\mpl\aux_\preprocessed\no_ttp
mkdir: %_DEST%\inc%_EXT%\boost\mpl\aux_\preprocessed\plain
mkdir: %_DEST%\inc%_EXT%\boost\mpl\aux_\preprocessor
mkdir: %_DEST%\inc%_EXT%\boost\mpl\aux_\range_c
mkdir: %_DEST%\inc%_EXT%\boost\mpl\aux_\test
mkdir: %_DEST%\inc%_EXT%\boost\mpl\limits
mkdir: %_DEST%\inc%_EXT%\boost\mpl\list
mkdir: %_DEST%\inc%_EXT%\boost\mpl\list\aux_
mkdir: %_DEST%\inc%_EXT%\boost\mpl\list\aux_\preprocessed
mkdir: %_DEST%\inc%_EXT%\boost\mpl\list\aux_\preprocessed\plain
mkdir: %_DEST%\inc%_EXT%\boost\mpl\map
mkdir: %_DEST%\inc%_EXT%\boost\mpl\map\aux_
mkdir: %_DEST%\inc%_EXT%\boost\mpl\map\aux_\preprocessed
mkdir: %_DEST%\inc%_EXT%\boost\mpl\map\aux_\preprocessed\no_ctps
mkdir: %_DEST%\inc%_EXT%\boost\mpl\map\aux_\preprocessed\plain
mkdir: %_DEST%\inc%_EXT%\boost\mpl\map\aux_\preprocessed\typeof_based
mkdir: %_DEST%\inc%_EXT%\boost\mpl\math
mkdir: %_DEST%\inc%_EXT%\boost\mpl\multiset
mkdir: %_DEST%\inc%_EXT%\boost\mpl\multiset\aux_
mkdir: %_DEST%\inc%_EXT%\boost\mpl\set
mkdir: %_DEST%\inc%_EXT%\boost\mpl\set\aux_
mkdir: %_DEST%\inc%_EXT%\boost\mpl\set\aux_\preprocessed
mkdir: %_DEST%\inc%_EXT%\boost\mpl\set\aux_\preprocessed\plain
mkdir: %_DEST%\inc%_EXT%\boost\mpl\vector
mkdir: %_DEST%\inc%_EXT%\boost\mpl\vector\aux_
mkdir: %_DEST%\inc%_EXT%\boost\mpl\vector\aux_\preprocessed
mkdir: %_DEST%\inc%_EXT%\boost\mpl\vector\aux_\preprocessed\no_ctps
mkdir: %_DEST%\inc%_EXT%\boost\mpl\vector\aux_\preprocessed\plain
mkdir: %_DEST%\inc%_EXT%\boost\mpl\vector\aux_\preprocessed\typeof_based
mkdir: %_DEST%\inc%_EXT%\boost\msm
mkdir: %_DEST%\inc%_EXT%\boost\msm\back
mkdir: %_DEST%\inc%_EXT%\boost\msm\front
mkdir: %_DEST%\inc%_EXT%\boost\msm\front\detail
mkdir: %_DEST%\inc%_EXT%\boost\msm\front\euml
mkdir: %_DEST%\inc%_EXT%\boost\msm\mpl_graph
mkdir: %_DEST%\inc%_EXT%\boost\msm\mpl_graph\detail
mkdir: %_DEST%\inc%_EXT%\boost\multi_array
mkdir: %_DEST%\inc%_EXT%\boost\multi_index
mkdir: %_DEST%\inc%_EXT%\boost\multi_index\detail
mkdir: %_DEST%\inc%_EXT%\boost\multiprecision
mkdir: %_DEST%\inc%_EXT%\boost\multiprecision\concepts
mkdir: %_DEST%\inc%_EXT%\boost\multiprecision\cpp_bin_float
mkdir: %_DEST%\inc%_EXT%\boost\multiprecision\cpp_int
mkdir: %_DEST%\inc%_EXT%\boost\multiprecision\detail
mkdir: %_DEST%\inc%_EXT%\boost\multiprecision\detail\functions
mkdir: %_DEST%\inc%_EXT%\boost\multiprecision\traits
mkdir: %_DEST%\inc%_EXT%\boost\numeric
mkdir: %_DEST%\inc%_EXT%\boost\numeric\conversion
mkdir: %_DEST%\inc%_EXT%\boost\numeric\conversion\detail
mkdir: %_DEST%\inc%_EXT%\boost\numeric\conversion\detail\preprocessed
mkdir: %_DEST%\inc%_EXT%\boost\numeric\interval
mkdir: %_DEST%\inc%_EXT%\boost\numeric\interval\compare
mkdir: %_DEST%\inc%_EXT%\boost\numeric\interval\detail
mkdir: %_DEST%\inc%_EXT%\boost\numeric\interval\ext
mkdir: %_DEST%\inc%_EXT%\boost\numeric\odeint
mkdir: %_DEST%\inc%_EXT%\boost\numeric\odeint\algebra
mkdir: %_DEST%\inc%_EXT%\boost\numeric\odeint\algebra\detail
mkdir: %_DEST%\inc%_EXT%\boost\numeric\odeint\external
mkdir: %_DEST%\inc%_EXT%\boost\numeric\odeint\external\blaze
mkdir: %_DEST%\inc%_EXT%\boost\numeric\odeint\external\compute
mkdir: %_DEST%\inc%_EXT%\boost\numeric\odeint\external\eigen
mkdir: %_DEST%\inc%_EXT%\boost\numeric\odeint\external\gsl
mkdir: %_DEST%\inc%_EXT%\boost\numeric\odeint\external\mkl
mkdir: %_DEST%\inc%_EXT%\boost\numeric\odeint\external\mpi
mkdir: %_DEST%\inc%_EXT%\boost\numeric\odeint\external\mtl4
mkdir: %_DEST%\inc%_EXT%\boost\numeric\odeint\external\nt2
mkdir: %_DEST%\inc%_EXT%\boost\numeric\odeint\external\openmp
mkdir: %_DEST%\inc%_EXT%\boost\numeric\odeint\external\thrust
mkdir: %_DEST%\inc%_EXT%\boost\numeric\odeint\external\vexcl
mkdir: %_DEST%\inc%_EXT%\boost\numeric\odeint\external\viennacl
mkdir: %_DEST%\inc%_EXT%\boost\numeric\odeint\integrate
mkdir: %_DEST%\inc%_EXT%\boost\numeric\odeint\integrate\detail
mkdir: %_DEST%\inc%_EXT%\boost\numeric\odeint\iterator
mkdir: %_DEST%\inc%_EXT%\boost\numeric\odeint\iterator\detail
mkdir: %_DEST%\inc%_EXT%\boost\numeric\odeint\iterator\impl
mkdir: %_DEST%\inc%_EXT%\boost\numeric\odeint\iterator\integrate
mkdir: %_DEST%\inc%_EXT%\boost\numeric\odeint\iterator\integrate\detail
mkdir: %_DEST%\inc%_EXT%\boost\numeric\odeint\stepper
mkdir: %_DEST%\inc%_EXT%\boost\numeric\odeint\stepper\base
mkdir: %_DEST%\inc%_EXT%\boost\numeric\odeint\stepper\detail
mkdir: %_DEST%\inc%_EXT%\boost\numeric\odeint\stepper\generation
mkdir: %_DEST%\inc%_EXT%\boost\numeric\odeint\util
mkdir: %_DEST%\inc%_EXT%\boost\numeric\odeint\util\detail
mkdir: %_DEST%\inc%_EXT%\boost\numeric\ublas
mkdir: %_DEST%\inc%_EXT%\boost\numeric\ublas\detail
mkdir: %_DEST%\inc%_EXT%\boost\numeric\ublas\experimental
mkdir: %_DEST%\inc%_EXT%\boost\numeric\ublas\opencl
mkdir: %_DEST%\inc%_EXT%\boost\numeric\ublas\operation
mkdir: %_DEST%\inc%_EXT%\boost\numeric\ublas\tensor
mkdir: %_DEST%\inc%_EXT%\boost\numeric\ublas\traits
mkdir: %_DEST%\inc%_EXT%\boost\optional
mkdir: %_DEST%\inc%_EXT%\boost\optional\detail
mkdir: %_DEST%\inc%_EXT%\boost\parameter
mkdir: %_DEST%\inc%_EXT%\boost\parameter\aux_
mkdir: %_DEST%\inc%_EXT%\boost\parameter\aux_\pack
mkdir: %_DEST%\inc%_EXT%\boost\parameter\aux_\pp_impl
mkdir: %_DEST%\inc%_EXT%\boost\parameter\aux_\preprocessor
mkdir: %_DEST%\inc%_EXT%\boost\parameter\aux_\preprocessor\impl
mkdir: %_DEST%\inc%_EXT%\boost\parameter\aux_\python
mkdir: %_DEST%\inc%_EXT%\boost\pending
mkdir: %_DEST%\inc%_EXT%\boost\pending\detail
mkdir: %_DEST%\inc%_EXT%\boost\phoenix
mkdir: %_DEST%\inc%_EXT%\boost\phoenix\bind
mkdir: %_DEST%\inc%_EXT%\boost\phoenix\bind\detail
mkdir: %_DEST%\inc%_EXT%\boost\phoenix\bind\detail\cpp03
mkdir: %_DEST%\inc%_EXT%\boost\phoenix\bind\detail\cpp03\preprocessed
mkdir: %_DEST%\inc%_EXT%\boost\phoenix\bind\detail\preprocessed
mkdir: %_DEST%\inc%_EXT%\boost\phoenix\bind\preprocessed
mkdir: %_DEST%\inc%_EXT%\boost\phoenix\core
mkdir: %_DEST%\inc%_EXT%\boost\phoenix\core\detail
mkdir: %_DEST%\inc%_EXT%\boost\phoenix\core\detail\cpp03
mkdir: %_DEST%\inc%_EXT%\boost\phoenix\core\detail\cpp03\preprocessed
mkdir: %_DEST%\inc%_EXT%\boost\phoenix\core\detail\preprocessed
mkdir: %_DEST%\inc%_EXT%\boost\phoenix\core\preprocessed
mkdir: %_DEST%\inc%_EXT%\boost\phoenix\function
mkdir: %_DEST%\inc%_EXT%\boost\phoenix\function\detail
mkdir: %_DEST%\inc%_EXT%\boost\phoenix\function\detail\cpp03
mkdir: %_DEST%\inc%_EXT%\boost\phoenix\function\detail\cpp03\preprocessed
mkdir: %_DEST%\inc%_EXT%\boost\phoenix\function\detail\preprocessed
mkdir: %_DEST%\inc%_EXT%\boost\phoenix\fusion
mkdir: %_DEST%\inc%_EXT%\boost\phoenix\object
mkdir: %_DEST%\inc%_EXT%\boost\phoenix\object\detail
mkdir: %_DEST%\inc%_EXT%\boost\phoenix\object\detail\cpp03
mkdir: %_DEST%\inc%_EXT%\boost\phoenix\object\detail\cpp03\preprocessed
mkdir: %_DEST%\inc%_EXT%\boost\phoenix\object\detail\preprocessed
mkdir: %_DEST%\inc%_EXT%\boost\phoenix\operator
mkdir: %_DEST%\inc%_EXT%\boost\phoenix\operator\detail
mkdir: %_DEST%\inc%_EXT%\boost\phoenix\operator\detail\cpp03
mkdir: %_DEST%\inc%_EXT%\boost\phoenix\operator\detail\cpp03\preprocessed
mkdir: %_DEST%\inc%_EXT%\boost\phoenix\operator\detail\preprocessed
mkdir: %_DEST%\inc%_EXT%\boost\phoenix\operator\preprocessed
mkdir: %_DEST%\inc%_EXT%\boost\phoenix\scope
mkdir: %_DEST%\inc%_EXT%\boost\phoenix\scope\detail
mkdir: %_DEST%\inc%_EXT%\boost\phoenix\scope\detail\cpp03
mkdir: %_DEST%\inc%_EXT%\boost\phoenix\scope\detail\cpp03\preprocessed
mkdir: %_DEST%\inc%_EXT%\boost\phoenix\scope\detail\preprocessed
mkdir: %_DEST%\inc%_EXT%\boost\phoenix\scope\preprocessed
mkdir: %_DEST%\inc%_EXT%\boost\phoenix\statement
mkdir: %_DEST%\inc%_EXT%\boost\phoenix\statement\detail
mkdir: %_DEST%\inc%_EXT%\boost\phoenix\statement\detail\preprocessed
mkdir: %_DEST%\inc%_EXT%\boost\phoenix\stl
mkdir: %_DEST%\inc%_EXT%\boost\phoenix\stl\algorithm
mkdir: %_DEST%\inc%_EXT%\boost\phoenix\stl\algorithm\detail
mkdir: %_DEST%\inc%_EXT%\boost\phoenix\stl\container
mkdir: %_DEST%\inc%_EXT%\boost\phoenix\stl\container\detail
mkdir: %_DEST%\inc%_EXT%\boost\phoenix\support
mkdir: %_DEST%\inc%_EXT%\boost\phoenix\support\detail
mkdir: %_DEST%\inc%_EXT%\boost\phoenix\support\preprocessed
mkdir: %_DEST%\inc%_EXT%\boost\phoenix\support\preprocessor
mkdir: %_DEST%\inc%_EXT%\boost\polygon
mkdir: %_DEST%\inc%_EXT%\boost\polygon\detail
mkdir: %_DEST%\inc%_EXT%\boost\pool
mkdir: %_DEST%\inc%_EXT%\boost\pool\detail
mkdir: %_DEST%\inc%_EXT%\boost\predef
mkdir: %_DEST%\inc%_EXT%\boost\predef\architecture
mkdir: %_DEST%\inc%_EXT%\boost\predef\architecture\x86
mkdir: %_DEST%\inc%_EXT%\boost\predef\compiler
mkdir: %_DEST%\inc%_EXT%\boost\predef\detail
mkdir: %_DEST%\inc%_EXT%\boost\predef\hardware
mkdir: %_DEST%\inc%_EXT%\boost\predef\hardware\simd
mkdir: %_DEST%\inc%_EXT%\boost\predef\hardware\simd\arm
mkdir: %_DEST%\inc%_EXT%\boost\predef\hardware\simd\ppc
mkdir: %_DEST%\inc%_EXT%\boost\predef\hardware\simd\x86
mkdir: %_DEST%\inc%_EXT%\boost\predef\hardware\simd\x86_amd
mkdir: %_DEST%\inc%_EXT%\boost\predef\language
mkdir: %_DEST%\inc%_EXT%\boost\predef\library
mkdir: %_DEST%\inc%_EXT%\boost\predef\library\c
mkdir: %_DEST%\inc%_EXT%\boost\predef\library\std
mkdir: %_DEST%\inc%_EXT%\boost\predef\os
mkdir: %_DEST%\inc%_EXT%\boost\predef\os\bsd
mkdir: %_DEST%\inc%_EXT%\boost\predef\other
mkdir: %_DEST%\inc%_EXT%\boost\predef\platform
mkdir: %_DEST%\inc%_EXT%\boost\preprocessor
mkdir: %_DEST%\inc%_EXT%\boost\preprocessor\arithmetic
mkdir: %_DEST%\inc%_EXT%\boost\preprocessor\arithmetic\detail
mkdir: %_DEST%\inc%_EXT%\boost\preprocessor\arithmetic\limits
mkdir: %_DEST%\inc%_EXT%\boost\preprocessor\array
mkdir: %_DEST%\inc%_EXT%\boost\preprocessor\array\detail
mkdir: %_DEST%\inc%_EXT%\boost\preprocessor\comparison
mkdir: %_DEST%\inc%_EXT%\boost\preprocessor\comparison\limits
mkdir: %_DEST%\inc%_EXT%\boost\preprocessor\config
mkdir: %_DEST%\inc%_EXT%\boost\preprocessor\control
mkdir: %_DEST%\inc%_EXT%\boost\preprocessor\control\detail
mkdir: %_DEST%\inc%_EXT%\boost\preprocessor\control\detail\dmc
mkdir: %_DEST%\inc%_EXT%\boost\preprocessor\control\detail\edg
mkdir: %_DEST%\inc%_EXT%\boost\preprocessor\control\detail\edg\limits
mkdir: %_DEST%\inc%_EXT%\boost\preprocessor\control\detail\limits
mkdir: %_DEST%\inc%_EXT%\boost\preprocessor\control\detail\msvc
mkdir: %_DEST%\inc%_EXT%\boost\preprocessor\control\limits
mkdir: %_DEST%\inc%_EXT%\boost\preprocessor\debug
mkdir: %_DEST%\inc%_EXT%\boost\preprocessor\detail
mkdir: %_DEST%\inc%_EXT%\boost\preprocessor\detail\dmc
mkdir: %_DEST%\inc%_EXT%\boost\preprocessor\detail\limits
mkdir: %_DEST%\inc%_EXT%\boost\preprocessor\facilities
mkdir: %_DEST%\inc%_EXT%\boost\preprocessor\facilities\detail
mkdir: %_DEST%\inc%_EXT%\boost\preprocessor\facilities\limits
mkdir: %_DEST%\inc%_EXT%\boost\preprocessor\iteration
mkdir: %_DEST%\inc%_EXT%\boost\preprocessor\iteration\detail
mkdir: %_DEST%\inc%_EXT%\boost\preprocessor\iteration\detail\bounds
mkdir: %_DEST%\inc%_EXT%\boost\preprocessor\iteration\detail\iter
mkdir: %_DEST%\inc%_EXT%\boost\preprocessor\iteration\detail\iter\limits
mkdir: %_DEST%\inc%_EXT%\boost\preprocessor\iteration\detail\limits
mkdir: %_DEST%\inc%_EXT%\boost\preprocessor\list
mkdir: %_DEST%\inc%_EXT%\boost\preprocessor\list\detail
mkdir: %_DEST%\inc%_EXT%\boost\preprocessor\list\detail\dmc
mkdir: %_DEST%\inc%_EXT%\boost\preprocessor\list\detail\edg
mkdir: %_DEST%\inc%_EXT%\boost\preprocessor\list\detail\edg\limits
mkdir: %_DEST%\inc%_EXT%\boost\preprocessor\list\detail\limits
mkdir: %_DEST%\inc%_EXT%\boost\preprocessor\list\limits
mkdir: %_DEST%\inc%_EXT%\boost\preprocessor\logical
mkdir: %_DEST%\inc%_EXT%\boost\preprocessor\logical\limits
mkdir: %_DEST%\inc%_EXT%\boost\preprocessor\punctuation
mkdir: %_DEST%\inc%_EXT%\boost\preprocessor\punctuation\detail
mkdir: %_DEST%\inc%_EXT%\boost\preprocessor\repetition
mkdir: %_DEST%\inc%_EXT%\boost\preprocessor\repetition\detail
mkdir: %_DEST%\inc%_EXT%\boost\preprocessor\repetition\detail\dmc
mkdir: %_DEST%\inc%_EXT%\boost\preprocessor\repetition\detail\edg
mkdir: %_DEST%\inc%_EXT%\boost\preprocessor\repetition\detail\edg\limits
mkdir: %_DEST%\inc%_EXT%\boost\preprocessor\repetition\detail\limits
mkdir: %_DEST%\inc%_EXT%\boost\preprocessor\repetition\detail\msvc
mkdir: %_DEST%\inc%_EXT%\boost\preprocessor\repetition\limits
mkdir: %_DEST%\inc%_EXT%\boost\preprocessor\selection
mkdir: %_DEST%\inc%_EXT%\boost\preprocessor\seq
mkdir: %_DEST%\inc%_EXT%\boost\preprocessor\seq\detail
mkdir: %_DEST%\inc%_EXT%\boost\preprocessor\seq\detail\limits
mkdir: %_DEST%\inc%_EXT%\boost\preprocessor\seq\limits
mkdir: %_DEST%\inc%_EXT%\boost\preprocessor\slot
mkdir: %_DEST%\inc%_EXT%\boost\preprocessor\slot\detail
mkdir: %_DEST%\inc%_EXT%\boost\preprocessor\tuple
mkdir: %_DEST%\inc%_EXT%\boost\preprocessor\tuple\detail
mkdir: %_DEST%\inc%_EXT%\boost\preprocessor\tuple\limits
mkdir: %_DEST%\inc%_EXT%\boost\preprocessor\variadic
mkdir: %_DEST%\inc%_EXT%\boost\preprocessor\variadic\detail
mkdir: %_DEST%\inc%_EXT%\boost\preprocessor\variadic\limits
mkdir: %_DEST%\inc%_EXT%\boost\program_options
mkdir: %_DEST%\inc%_EXT%\boost\program_options\detail
mkdir: %_DEST%\inc%_EXT%\boost\property_map
mkdir: %_DEST%\inc%_EXT%\boost\property_map\parallel
mkdir: %_DEST%\inc%_EXT%\boost\property_map\parallel\detail
mkdir: %_DEST%\inc%_EXT%\boost\property_map\parallel\impl
mkdir: %_DEST%\inc%_EXT%\boost\property_tree
mkdir: %_DEST%\inc%_EXT%\boost\property_tree\detail
mkdir: %_DEST%\inc%_EXT%\boost\property_tree\json_parser
mkdir: %_DEST%\inc%_EXT%\boost\property_tree\json_parser\detail
mkdir: %_DEST%\inc%_EXT%\boost\proto
mkdir: %_DEST%\inc%_EXT%\boost\proto\context
mkdir: %_DEST%\inc%_EXT%\boost\proto\context\detail
mkdir: %_DEST%\inc%_EXT%\boost\proto\context\detail\preprocessed
mkdir: %_DEST%\inc%_EXT%\boost\proto\detail
mkdir: %_DEST%\inc%_EXT%\boost\proto\detail\preprocessed
mkdir: %_DEST%\inc%_EXT%\boost\proto\functional
mkdir: %_DEST%\inc%_EXT%\boost\proto\functional\fusion
mkdir: %_DEST%\inc%_EXT%\boost\proto\functional\range
mkdir: %_DEST%\inc%_EXT%\boost\proto\functional\std
mkdir: %_DEST%\inc%_EXT%\boost\proto\transform
mkdir: %_DEST%\inc%_EXT%\boost\proto\transform\detail
mkdir: %_DEST%\inc%_EXT%\boost\proto\transform\detail\preprocessed
mkdir: %_DEST%\inc%_EXT%\boost\ptr_container
mkdir: %_DEST%\inc%_EXT%\boost\ptr_container\detail
mkdir: %_DEST%\inc%_EXT%\boost\random
mkdir: %_DEST%\inc%_EXT%\boost\random\detail
mkdir: %_DEST%\inc%_EXT%\boost\range
mkdir: %_DEST%\inc%_EXT%\boost\range\adaptor
mkdir: %_DEST%\inc%_EXT%\boost\range\algorithm
mkdir: %_DEST%\inc%_EXT%\boost\range\algorithm_ext
mkdir: %_DEST%\inc%_EXT%\boost\range\detail
mkdir: %_DEST%\inc%_EXT%\boost\range\detail\vc6
mkdir: %_DEST%\inc%_EXT%\boost\ratio
mkdir: %_DEST%\inc%_EXT%\boost\ratio\detail
mkdir: %_DEST%\inc%_EXT%\boost\ratio\detail\mpl
mkdir: %_DEST%\inc%_EXT%\boost\ratio\mpl
mkdir: %_DEST%\inc%_EXT%\boost\regex
mkdir: %_DEST%\inc%_EXT%\boost\regex\config
mkdir: %_DEST%\inc%_EXT%\boost\regex\pending
mkdir: %_DEST%\inc%_EXT%\boost\regex\v4
mkdir: %_DEST%\inc%_EXT%\boost\regex\v5
mkdir: %_DEST%\inc%_EXT%\boost\serialization
mkdir: %_DEST%\inc%_EXT%\boost\serialization\detail
mkdir: %_DEST%\inc%_EXT%\boost\signals2
mkdir: %_DEST%\inc%_EXT%\boost\signals2\detail
mkdir: %_DEST%\inc%_EXT%\boost\smart_ptr
mkdir: %_DEST%\inc%_EXT%\boost\smart_ptr\detail
mkdir: %_DEST%\inc%_EXT%\boost\spirit
mkdir: %_DEST%\inc%_EXT%\boost\spirit\home
mkdir: %_DEST%\inc%_EXT%\boost\spirit\home\classic
mkdir: %_DEST%\inc%_EXT%\boost\spirit\home\classic\actor
mkdir: %_DEST%\inc%_EXT%\boost\spirit\home\classic\attribute
mkdir: %_DEST%\inc%_EXT%\boost\spirit\home\classic\core
mkdir: %_DEST%\inc%_EXT%\boost\spirit\home\classic\core\composite
mkdir: %_DEST%\inc%_EXT%\boost\spirit\home\classic\core\composite\impl
mkdir: %_DEST%\inc%_EXT%\boost\spirit\home\classic\core\impl
mkdir: %_DEST%\inc%_EXT%\boost\spirit\home\classic\core\non_terminal
mkdir: %_DEST%\inc%_EXT%\boost\spirit\home\classic\core\non_terminal\impl
mkdir: %_DEST%\inc%_EXT%\boost\spirit\home\classic\core\primitives
mkdir: %_DEST%\inc%_EXT%\boost\spirit\home\classic\core\primitives\impl
mkdir: %_DEST%\inc%_EXT%\boost\spirit\home\classic\core\scanner
mkdir: %_DEST%\inc%_EXT%\boost\spirit\home\classic\core\scanner\impl
mkdir: %_DEST%\inc%_EXT%\boost\spirit\home\classic\debug
mkdir: %_DEST%\inc%_EXT%\boost\spirit\home\classic\debug\impl
mkdir: %_DEST%\inc%_EXT%\boost\spirit\home\classic\dynamic
mkdir: %_DEST%\inc%_EXT%\boost\spirit\home\classic\dynamic\impl
mkdir: %_DEST%\inc%_EXT%\boost\spirit\home\classic\error_handling
mkdir: %_DEST%\inc%_EXT%\boost\spirit\home\classic\error_handling\impl
mkdir: %_DEST%\inc%_EXT%\boost\spirit\home\classic\iterator
mkdir: %_DEST%\inc%_EXT%\boost\spirit\home\classic\iterator\impl
mkdir: %_DEST%\inc%_EXT%\boost\spirit\home\classic\meta
mkdir: %_DEST%\inc%_EXT%\boost\spirit\home\classic\meta\impl
mkdir: %_DEST%\inc%_EXT%\boost\spirit\home\classic\phoenix
mkdir: %_DEST%\inc%_EXT%\boost\spirit\home\classic\symbols
mkdir: %_DEST%\inc%_EXT%\boost\spirit\home\classic\symbols\impl
mkdir: %_DEST%\inc%_EXT%\boost\spirit\home\classic\tree
mkdir: %_DEST%\inc%_EXT%\boost\spirit\home\classic\tree\impl
mkdir: %_DEST%\inc%_EXT%\boost\spirit\home\classic\utility
mkdir: %_DEST%\inc%_EXT%\boost\spirit\home\classic\utility\impl
mkdir: %_DEST%\inc%_EXT%\boost\spirit\home\classic\utility\impl\chset
mkdir: %_DEST%\inc%_EXT%\boost\spirit\home\karma
mkdir: %_DEST%\inc%_EXT%\boost\spirit\home\karma\action
mkdir: %_DEST%\inc%_EXT%\boost\spirit\home\karma\auto
mkdir: %_DEST%\inc%_EXT%\boost\spirit\home\karma\auxiliary
mkdir: %_DEST%\inc%_EXT%\boost\spirit\home\karma\binary
mkdir: %_DEST%\inc%_EXT%\boost\spirit\home\karma\char
mkdir: %_DEST%\inc%_EXT%\boost\spirit\home\karma\detail
mkdir: %_DEST%\inc%_EXT%\boost\spirit\home\karma\directive
mkdir: %_DEST%\inc%_EXT%\boost\spirit\home\karma\nonterminal
mkdir: %_DEST%\inc%_EXT%\boost\spirit\home\karma\nonterminal\detail
mkdir: %_DEST%\inc%_EXT%\boost\spirit\home\karma\numeric
mkdir: %_DEST%\inc%_EXT%\boost\spirit\home\karma\numeric\detail
mkdir: %_DEST%\inc%_EXT%\boost\spirit\home\karma\operator
mkdir: %_DEST%\inc%_EXT%\boost\spirit\home\karma\stream
mkdir: %_DEST%\inc%_EXT%\boost\spirit\home\karma\stream\detail
mkdir: %_DEST%\inc%_EXT%\boost\spirit\home\karma\string
mkdir: %_DEST%\inc%_EXT%\boost\spirit\home\lex
mkdir: %_DEST%\inc%_EXT%\boost\spirit\home\lex\detail
mkdir: %_DEST%\inc%_EXT%\boost\spirit\home\lex\lexer
mkdir: %_DEST%\inc%_EXT%\boost\spirit\home\lex\lexer\lexertl
mkdir: %_DEST%\inc%_EXT%\boost\spirit\home\lex\qi
mkdir: %_DEST%\inc%_EXT%\boost\spirit\home\phoenix
mkdir: %_DEST%\inc%_EXT%\boost\spirit\home\phoenix\bind
mkdir: %_DEST%\inc%_EXT%\boost\spirit\home\phoenix\bind\detail
mkdir: %_DEST%\inc%_EXT%\boost\spirit\home\phoenix\core
mkdir: %_DEST%\inc%_EXT%\boost\spirit\home\phoenix\core\detail
mkdir: %_DEST%\inc%_EXT%\boost\spirit\home\phoenix\detail
mkdir: %_DEST%\inc%_EXT%\boost\spirit\home\phoenix\function
mkdir: %_DEST%\inc%_EXT%\boost\spirit\home\phoenix\function\detail
mkdir: %_DEST%\inc%_EXT%\boost\spirit\home\phoenix\fusion
mkdir: %_DEST%\inc%_EXT%\boost\spirit\home\phoenix\object
mkdir: %_DEST%\inc%_EXT%\boost\spirit\home\phoenix\object\detail
mkdir: %_DEST%\inc%_EXT%\boost\spirit\home\phoenix\operator
mkdir: %_DEST%\inc%_EXT%\boost\spirit\home\phoenix\operator\detail
mkdir: %_DEST%\inc%_EXT%\boost\spirit\home\phoenix\scope
mkdir: %_DEST%\inc%_EXT%\boost\spirit\home\phoenix\scope\detail
mkdir: %_DEST%\inc%_EXT%\boost\spirit\home\phoenix\statement
mkdir: %_DEST%\inc%_EXT%\boost\spirit\home\phoenix\statement\detail
mkdir: %_DEST%\inc%_EXT%\boost\spirit\home\phoenix\stl
mkdir: %_DEST%\inc%_EXT%\boost\spirit\home\phoenix\stl\algorithm
mkdir: %_DEST%\inc%_EXT%\boost\spirit\home\phoenix\stl\algorithm\detail
mkdir: %_DEST%\inc%_EXT%\boost\spirit\home\phoenix\stl\container
mkdir: %_DEST%\inc%_EXT%\boost\spirit\home\phoenix\stl\container\detail
mkdir: %_DEST%\inc%_EXT%\boost\spirit\home\qi
mkdir: %_DEST%\inc%_EXT%\boost\spirit\home\qi\action
mkdir: %_DEST%\inc%_EXT%\boost\spirit\home\qi\auto
mkdir: %_DEST%\inc%_EXT%\boost\spirit\home\qi\auxiliary
mkdir: %_DEST%\inc%_EXT%\boost\spirit\home\qi\binary
mkdir: %_DEST%\inc%_EXT%\boost\spirit\home\qi\char
mkdir: %_DEST%\inc%_EXT%\boost\spirit\home\qi\detail
mkdir: %_DEST%\inc%_EXT%\boost\spirit\home\qi\directive
mkdir: %_DEST%\inc%_EXT%\boost\spirit\home\qi\nonterminal
mkdir: %_DEST%\inc%_EXT%\boost\spirit\home\qi\nonterminal\detail
mkdir: %_DEST%\inc%_EXT%\boost\spirit\home\qi\numeric
mkdir: %_DEST%\inc%_EXT%\boost\spirit\home\qi\numeric\detail
mkdir: %_DEST%\inc%_EXT%\boost\spirit\home\qi\operator
mkdir: %_DEST%\inc%_EXT%\boost\spirit\home\qi\stream
mkdir: %_DEST%\inc%_EXT%\boost\spirit\home\qi\stream\detail
mkdir: %_DEST%\inc%_EXT%\boost\spirit\home\qi\string
mkdir: %_DEST%\inc%_EXT%\boost\spirit\home\qi\string\detail
mkdir: %_DEST%\inc%_EXT%\boost\spirit\home\support
mkdir: %_DEST%\inc%_EXT%\boost\spirit\home\support\algorithm
mkdir: %_DEST%\inc%_EXT%\boost\spirit\home\support\auto
mkdir: %_DEST%\inc%_EXT%\boost\spirit\home\support\auxiliary
mkdir: %_DEST%\inc%_EXT%\boost\spirit\home\support\char_encoding
mkdir: %_DEST%\inc%_EXT%\boost\spirit\home\support\char_encoding\unicode
mkdir: %_DEST%\inc%_EXT%\boost\spirit\home\support\char_set
mkdir: %_DEST%\inc%_EXT%\boost\spirit\home\support\detail
mkdir: %_DEST%\inc%_EXT%\boost\spirit\home\support\detail\endian
mkdir: %_DEST%\inc%_EXT%\boost\spirit\home\support\detail\lexer
mkdir: %_DEST%\inc%_EXT%\boost\spirit\home\support\detail\lexer\containers
mkdir: %_DEST%\inc%_EXT%\boost\spirit\home\support\detail\lexer\conversion
mkdir: %_DEST%\inc%_EXT%\boost\spirit\home\support\detail\lexer\parser
mkdir: %_DEST%\inc%_EXT%\boost\spirit\home\support\detail\lexer\parser\tokeniser
mkdir: %_DEST%\inc%_EXT%\boost\spirit\home\support\detail\lexer\parser\tree
mkdir: %_DEST%\inc%_EXT%\boost\spirit\home\support\detail\lexer\partition
mkdir: %_DEST%\inc%_EXT%\boost\spirit\home\support\detail\math
mkdir: %_DEST%\inc%_EXT%\boost\spirit\home\support\detail\math\detail
mkdir: %_DEST%\inc%_EXT%\boost\spirit\home\support\iterators
mkdir: %_DEST%\inc%_EXT%\boost\spirit\home\support\iterators\detail
mkdir: %_DEST%\inc%_EXT%\boost\spirit\home\support\nonterminal
mkdir: %_DEST%\inc%_EXT%\boost\spirit\home\support\utree
mkdir: %_DEST%\inc%_EXT%\boost\spirit\home\support\utree\detail
mkdir: %_DEST%\inc%_EXT%\boost\spirit\home\x3
mkdir: %_DEST%\inc%_EXT%\boost\spirit\home\x3\auxiliary
mkdir: %_DEST%\inc%_EXT%\boost\spirit\home\x3\binary
mkdir: %_DEST%\inc%_EXT%\boost\spirit\home\x3\char
mkdir: %_DEST%\inc%_EXT%\boost\spirit\home\x3\char\detail
mkdir: %_DEST%\inc%_EXT%\boost\spirit\home\x3\core
mkdir: %_DEST%\inc%_EXT%\boost\spirit\home\x3\core\detail
mkdir: %_DEST%\inc%_EXT%\boost\spirit\home\x3\directive
mkdir: %_DEST%\inc%_EXT%\boost\spirit\home\x3\nonterminal
mkdir: %_DEST%\inc%_EXT%\boost\spirit\home\x3\nonterminal\detail
mkdir: %_DEST%\inc%_EXT%\boost\spirit\home\x3\numeric
mkdir: %_DEST%\inc%_EXT%\boost\spirit\home\x3\operator
mkdir: %_DEST%\inc%_EXT%\boost\spirit\home\x3\operator\detail
mkdir: %_DEST%\inc%_EXT%\boost\spirit\home\x3\string
mkdir: %_DEST%\inc%_EXT%\boost\spirit\home\x3\string\detail
mkdir: %_DEST%\inc%_EXT%\boost\spirit\home\x3\support
mkdir: %_DEST%\inc%_EXT%\boost\spirit\home\x3\support\ast
mkdir: %_DEST%\inc%_EXT%\boost\spirit\home\x3\support\numeric_utils
mkdir: %_DEST%\inc%_EXT%\boost\spirit\home\x3\support\numeric_utils\detail
mkdir: %_DEST%\inc%_EXT%\boost\spirit\home\x3\support\traits
mkdir: %_DEST%\inc%_EXT%\boost\spirit\home\x3\support\utility
mkdir: %_DEST%\inc%_EXT%\boost\spirit\include
mkdir: %_DEST%\inc%_EXT%\boost\spirit\iterator
mkdir: %_DEST%\inc%_EXT%\boost\spirit\meta
mkdir: %_DEST%\inc%_EXT%\boost\spirit\phoenix
mkdir: %_DEST%\inc%_EXT%\boost\spirit\repository
mkdir: %_DEST%\inc%_EXT%\boost\spirit\repository\home
mkdir: %_DEST%\inc%_EXT%\boost\spirit\repository\home\karma
mkdir: %_DEST%\inc%_EXT%\boost\spirit\repository\home\karma\directive
mkdir: %_DEST%\inc%_EXT%\boost\spirit\repository\home\karma\nonterminal
mkdir: %_DEST%\inc%_EXT%\boost\spirit\repository\home\qi
mkdir: %_DEST%\inc%_EXT%\boost\spirit\repository\home\qi\directive
mkdir: %_DEST%\inc%_EXT%\boost\spirit\repository\home\qi\nonterminal
mkdir: %_DEST%\inc%_EXT%\boost\spirit\repository\home\qi\operator
mkdir: %_DEST%\inc%_EXT%\boost\spirit\repository\home\qi\operator\detail
mkdir: %_DEST%\inc%_EXT%\boost\spirit\repository\home\qi\primitive
mkdir: %_DEST%\inc%_EXT%\boost\spirit\repository\home\support
mkdir: %_DEST%\inc%_EXT%\boost\spirit\repository\include
mkdir: %_DEST%\inc%_EXT%\boost\spirit\symbols
mkdir: %_DEST%\inc%_EXT%\boost\spirit\tree
mkdir: %_DEST%\inc%_EXT%\boost\spirit\utility
mkdir: %_DEST%\inc%_EXT%\boost\statechart
mkdir: %_DEST%\inc%_EXT%\boost\statechart\detail
mkdir: %_DEST%\inc%_EXT%\boost\system
mkdir: %_DEST%\inc%_EXT%\boost\system\detail
mkdir: %_DEST%\inc%_EXT%\boost\test
mkdir: %_DEST%\inc%_EXT%\boost\test\data
mkdir: %_DEST%\inc%_EXT%\boost\test\data\monomorphic
mkdir: %_DEST%\inc%_EXT%\boost\test\data\monomorphic\generators
mkdir: %_DEST%\inc%_EXT%\boost\test\detail
mkdir: %_DEST%\inc%_EXT%\boost\test\impl
mkdir: %_DEST%\inc%_EXT%\boost\test\included
mkdir: %_DEST%\inc%_EXT%\boost\test\output
mkdir: %_DEST%\inc%_EXT%\boost\test\tools
mkdir: %_DEST%\inc%_EXT%\boost\test\tools\detail
mkdir: %_DEST%\inc%_EXT%\boost\test\tools\old
mkdir: %_DEST%\inc%_EXT%\boost\test\tree
mkdir: %_DEST%\inc%_EXT%\boost\test\utils
mkdir: %_DEST%\inc%_EXT%\boost\test\utils\basic_cstring
mkdir: %_DEST%\inc%_EXT%\boost\test\utils\iterator
mkdir: %_DEST%\inc%_EXT%\boost\test\utils\runtime
mkdir: %_DEST%\inc%_EXT%\boost\test\utils\runtime\cla
mkdir: %_DEST%\inc%_EXT%\boost\test\utils\runtime\cla\detail
mkdir: %_DEST%\inc%_EXT%\boost\test\utils\runtime\cla\iface
mkdir: %_DEST%\inc%_EXT%\boost\test\utils\runtime\env
mkdir: %_DEST%\inc%_EXT%\boost\test\utils\runtime\file
mkdir: %_DEST%\inc%_EXT%\boost\thread
mkdir: %_DEST%\inc%_EXT%\boost\thread\concurrent_queues
mkdir: %_DEST%\inc%_EXT%\boost\thread\concurrent_queues\detail
mkdir: %_DEST%\inc%_EXT%\boost\thread\csbl
mkdir: %_DEST%\inc%_EXT%\boost\thread\csbl\memory
mkdir: %_DEST%\inc%_EXT%\boost\thread\detail
mkdir: %_DEST%\inc%_EXT%\boost\thread\executors
mkdir: %_DEST%\inc%_EXT%\boost\thread\executors\detail
mkdir: %_DEST%\inc%_EXT%\boost\thread\experimental
mkdir: %_DEST%\inc%_EXT%\boost\thread\experimental\config
mkdir: %_DEST%\inc%_EXT%\boost\thread\experimental\parallel
mkdir: %_DEST%\inc%_EXT%\boost\thread\experimental\parallel\v1
mkdir: %_DEST%\inc%_EXT%\boost\thread\experimental\parallel\v2
mkdir: %_DEST%\inc%_EXT%\boost\thread\futures
mkdir: %_DEST%\inc%_EXT%\boost\thread\pthread
mkdir: %_DEST%\inc%_EXT%\boost\thread\v2
mkdir: %_DEST%\inc%_EXT%\boost\thread\win32
mkdir: %_DEST%\inc%_EXT%\boost\timer
mkdir: %_DEST%\inc%_EXT%\boost\tuple
mkdir: %_DEST%\inc%_EXT%\boost\tuple\detail
mkdir: %_DEST%\inc%_EXT%\boost\type_index
mkdir: %_DEST%\inc%_EXT%\boost\type_index\detail
mkdir: %_DEST%\inc%_EXT%\boost\type_index\runtime_cast
mkdir: %_DEST%\inc%_EXT%\boost\type_index\runtime_cast\detail
mkdir: %_DEST%\inc%_EXT%\boost\type_traits
mkdir: %_DEST%\inc%_EXT%\boost\type_traits\detail
mkdir: %_DEST%\inc%_EXT%\boost\type_traits\msvc
mkdir: %_DEST%\inc%_EXT%\boost\typeof
mkdir: %_DEST%\inc%_EXT%\boost\typeof\dmc
mkdir: %_DEST%\inc%_EXT%\boost\typeof\msvc
mkdir: %_DEST%\inc%_EXT%\boost\typeof\std
mkdir: %_DEST%\inc%_EXT%\boost\units
mkdir: %_DEST%\inc%_EXT%\boost\units\base_units
mkdir: %_DEST%\inc%_EXT%\boost\units\base_units\angle
mkdir: %_DEST%\inc%_EXT%\boost\units\base_units\astronomical
mkdir: %_DEST%\inc%_EXT%\boost\units\base_units\cgs
mkdir: %_DEST%\inc%_EXT%\boost\units\base_units\imperial
mkdir: %_DEST%\inc%_EXT%\boost\units\base_units\information
mkdir: %_DEST%\inc%_EXT%\boost\units\base_units\metric
mkdir: %_DEST%\inc%_EXT%\boost\units\base_units\si
mkdir: %_DEST%\inc%_EXT%\boost\units\base_units\temperature
mkdir: %_DEST%\inc%_EXT%\boost\units\base_units\us
mkdir: %_DEST%\inc%_EXT%\boost\units\detail
mkdir: %_DEST%\inc%_EXT%\boost\units\physical_dimensions
mkdir: %_DEST%\inc%_EXT%\boost\units\systems
mkdir: %_DEST%\inc%_EXT%\boost\units\systems\angle
mkdir: %_DEST%\inc%_EXT%\boost\units\systems\cgs
mkdir: %_DEST%\inc%_EXT%\boost\units\systems\detail
mkdir: %_DEST%\inc%_EXT%\boost\units\systems\information
mkdir: %_DEST%\inc%_EXT%\boost\units\systems\si
mkdir: %_DEST%\inc%_EXT%\boost\units\systems\si\codata
mkdir: %_DEST%\inc%_EXT%\boost\units\systems\temperature
mkdir: %_DEST%\inc%_EXT%\boost\unordered
mkdir: %_DEST%\inc%_EXT%\boost\unordered\detail
mkdir: %_DEST%\inc%_EXT%\boost\unordered\detail\foa
mkdir: %_DEST%\inc%_EXT%\boost\utility
mkdir: %_DEST%\inc%_EXT%\boost\utility\detail
mkdir: %_DEST%\inc%_EXT%\boost\uuid
mkdir: %_DEST%\inc%_EXT%\boost\uuid\detail
mkdir: %_DEST%\inc%_EXT%\boost\variant
mkdir: %_DEST%\inc%_EXT%\boost\variant\detail
mkdir: %_DEST%\inc%_EXT%\boost\wave
mkdir: %_DEST%\inc%_EXT%\boost\wave\cpplexer
mkdir: %_DEST%\inc%_EXT%\boost\wave\cpplexer\re2clex
mkdir: %_DEST%\inc%_EXT%\boost\wave\grammars
mkdir: %_DEST%\inc%_EXT%\boost\wave\util
mkdir: %_DEST%\inc%_EXT%\boost\xpressive
mkdir: %_DEST%\inc%_EXT%\boost\xpressive\detail
mkdir: %_DEST%\inc%_EXT%\boost\xpressive\detail\core
mkdir: %_DEST%\inc%_EXT%\boost\xpressive\detail\core\matcher
mkdir: %_DEST%\inc%_EXT%\boost\xpressive\detail\dynamic
mkdir: %_DEST%\inc%_EXT%\boost\xpressive\detail\static
mkdir: %_DEST%\inc%_EXT%\boost\xpressive\detail\static\transforms
mkdir: %_DEST%\inc%_EXT%\boost\xpressive\detail\utility
mkdir: %_DEST%\inc%_EXT%\boost\xpressive\detail\utility\chset
mkdir: %_DEST%\inc%_EXT%\boost\xpressive\traits
mkdir: %_DEST%\inc%_EXT%\boost\xpressive\traits\detail
..\%__SRC%\inc\boost\* %_DEST%\inc%_EXT%\boost
..\%__SRC%\inc\boost\accumulators\* %_DEST%\inc%_EXT%\boost\accumulators
..\%__SRC%\inc\boost\accumulators\framework\accumulators\* %_DEST%\inc%_EXT%\boost\accumulators\framework\accumulators
..\%__SRC%\inc\boost\accumulators\framework\* %_DEST%\inc%_EXT%\boost\accumulators\framework
..\%__SRC%\inc\boost\accumulators\framework\parameters\* %_DEST%\inc%_EXT%\boost\accumulators\framework\parameters
..\%__SRC%\inc\boost\accumulators\numeric\* %_DEST%\inc%_EXT%\boost\accumulators\numeric
..\%__SRC%\inc\boost\accumulators\numeric\detail\* %_DEST%\inc%_EXT%\boost\accumulators\numeric\detail
..\%__SRC%\inc\boost\accumulators\numeric\functional\* %_DEST%\inc%_EXT%\boost\accumulators\numeric\functional
..\%__SRC%\inc\boost\accumulators\statistics\* %_DEST%\inc%_EXT%\boost\accumulators\statistics
..\%__SRC%\inc\boost\accumulators\statistics\parameters\* %_DEST%\inc%_EXT%\boost\accumulators\statistics\parameters
..\%__SRC%\inc\boost\accumulators\statistics\variates\* %_DEST%\inc%_EXT%\boost\accumulators\statistics\variates
..\%__SRC%\inc\boost\algorithm\* %_DEST%\inc%_EXT%\boost\algorithm
..\%__SRC%\inc\boost\algorithm\string\* %_DEST%\inc%_EXT%\boost\algorithm\string
..\%__SRC%\inc\boost\algorithm\string\detail\* %_DEST%\inc%_EXT%\boost\algorithm\string\detail
..\%__SRC%\inc\boost\algorithm\string\std\* %_DEST%\inc%_EXT%\boost\algorithm\string\std
..\%__SRC%\inc\boost\archive\* %_DEST%\inc%_EXT%\boost\archive
..\%__SRC%\inc\boost\archive\detail\* %_DEST%\inc%_EXT%\boost\archive\detail
..\%__SRC%\inc\boost\archive\impl\* %_DEST%\inc%_EXT%\boost\archive\impl
..\%__SRC%\inc\boost\archive\iterators\* %_DEST%\inc%_EXT%\boost\archive\iterators
..\%__SRC%\inc\boost\asio\* %_DEST%\inc%_EXT%\boost\asio
..\%__SRC%\inc\boost\asio\detail\* %_DEST%\inc%_EXT%\boost\asio\detail
..\%__SRC%\inc\boost\asio\detail\impl\* %_DEST%\inc%_EXT%\boost\asio\detail\impl
..\%__SRC%\inc\boost\asio\impl\* %_DEST%\inc%_EXT%\boost\asio\impl
..\%__SRC%\inc\boost\asio\ip\* %_DEST%\inc%_EXT%\boost\asio\ip
..\%__SRC%\inc\boost\asio\ip\detail\* %_DEST%\inc%_EXT%\boost\asio\ip\detail
..\%__SRC%\inc\boost\asio\ip\detail\impl\* %_DEST%\inc%_EXT%\boost\asio\ip\detail\impl
..\%__SRC%\inc\boost\asio\ip\impl\* %_DEST%\inc%_EXT%\boost\asio\ip\impl
..\%__SRC%\inc\boost\asio\local\* %_DEST%\inc%_EXT%\boost\asio\local
..\%__SRC%\inc\boost\asio\local\detail\* %_DEST%\inc%_EXT%\boost\asio\local\detail
..\%__SRC%\inc\boost\asio\local\detail\impl\* %_DEST%\inc%_EXT%\boost\asio\local\detail\impl
..\%__SRC%\inc\boost\asio\posix\* %_DEST%\inc%_EXT%\boost\asio\posix
..\%__SRC%\inc\boost\asio\ssl\* %_DEST%\inc%_EXT%\boost\asio\ssl
..\%__SRC%\inc\boost\asio\ssl\detail\* %_DEST%\inc%_EXT%\boost\asio\ssl\detail
..\%__SRC%\inc\boost\asio\ssl\detail\impl\* %_DEST%\inc%_EXT%\boost\asio\ssl\detail\impl
..\%__SRC%\inc\boost\asio\ssl\old\* %_DEST%\inc%_EXT%\boost\asio\ssl\old
..\%__SRC%\inc\boost\asio\ssl\old\detail/* %_DEST%\inc%_EXT%\boost\asio\ssl\old\detail
..\%__SRC%\inc\boost\asio\windows\* %_DEST%\inc%_EXT%\boost\asio\windows
..\%__SRC%\inc\boost\assert\* %_DEST%\inc%_EXT%\boost\assert
..\%__SRC%\inc\boost\assign\* %_DEST%\inc%_EXT%\boost\assign
..\%__SRC%\inc\boost\assign\std\* %_DEST%\inc%_EXT%\boost\assign\std
..\%__SRC%\inc\boost\atomic\* %_DEST%\inc%_EXT%\boost\atomic
..\%__SRC%\inc\boost\atomic\std\* %_DEST%\inc%_EXT%\boost\atomic\detail
..\%__SRC%\inc\boost\bimap\* %_DEST%\inc%_EXT%\boost\bimap
..\%__SRC%\inc\boost\bimap\container_adaptor\* %_DEST%\inc%_EXT%\boost\bimap\container_adaptor
..\%__SRC%\inc\boost\bimap\container_adaptor\detail\* %_DEST%\inc%_EXT%\boost\bimap\container_adaptor\detail
..\%__SRC%\inc\boost\bimap\container_adaptor\support\* %_DEST%\inc%_EXT%\boost\bimap\container_adaptor\support
..\%__SRC%\inc\boost\bimap\detail\debug\* %_DEST%\inc%_EXT%\boost\bimap\detail\debug
..\%__SRC%\inc\boost\bimap\detail\* %_DEST%\inc%_EXT%\boost\bimap\detail
..\%__SRC%\inc\boost\bimap\detail\test\* %_DEST%\inc%_EXT%\boost\bimap\detail\test
..\%__SRC%\inc\boost\bimap\property_map\* %_DEST%\inc%_EXT%\boost\bimap\property_map
..\%__SRC%\inc\boost\bimap\relation\* %_DEST%\inc%_EXT%\boost\bimap\relation
..\%__SRC%\inc\boost\bimap\relation\detail\* %_DEST%\inc%_EXT%\boost\bimap\relation\detail
..\%__SRC%\inc\boost\bimap\relation\support\* %_DEST%\inc%_EXT%\boost\bimap\relation\support
..\%__SRC%\inc\boost\bimap\support\* %_DEST%\inc%_EXT%\boost\bimap\support
..\%__SRC%\inc\boost\bimap\tags\* %_DEST%\inc%_EXT%\boost\bimap\tags
..\%__SRC%\inc\boost\bimap\tags\support\* %_DEST%\inc%_EXT%\boost\bimap\tags\support
..\%__SRC%\inc\boost\bimap\views\* %_DEST%\inc%_EXT%\boost\bimap\views
..\%__SRC%\inc\boost\bind\* %_DEST%\inc%_EXT%\boost\bind
..\%__SRC%\inc\boost\chrono\* %_DEST%\inc%_EXT%\boost\chrono
..\%__SRC%\inc\boost\chono\detail\* %_DEST%\inc%_EXT%\boost\chrono\detail
..\%__SRC%\inc\boost\chono\detail\inlined\* %_DEST%\inc%_EXT%\boost\chrono\detail\inlined
..\%__SRC%\inc\boost\chono\detail\inlined\mac\* %_DEST%\inc%_EXT%\boost\chrono\detail\inlined\mac
..\%__SRC%\inc\boost\chono\detail\inlined\posix\* %_DEST%\inc%_EXT%\boost\chrono\detail\inlined\posix
..\%__SRC%\inc\boost\chono\detail\inlined\win\* %_DEST%\inc%_EXT%\boost\chrono\detail\inlined\win
..\%__SRC%\inc\boost\circular_buffer\* %_DEST%\inc%_EXT%\boost\circular_buffer
..\%__SRC%\inc\boost\compatibility\cpp_c_headers\* %_DEST%\inc%_EXT%\boost\compatibility\cpp_c_headers
..\%__SRC%\inc\boost\concept\* %_DEST%\inc%_EXT%\boost\concept
..\%__SRC%\inc\boost\concept\detail\* %_DEST%\inc%_EXT%\boost\concept\detail
..\%__SRC%\inc\boost\concept_check\* %_DEST%\inc%_EXT%\boost\concept_check
..\%__SRC%\inc\boost\config\* %_DEST%\inc%_EXT%\boost\config
..\%__SRC%\inc\boost\config\abi\* %_DEST%\inc%_EXT%\boost\config\abi
..\%__SRC%\inc\boost\config\compiler\* %_DEST%\inc%_EXT%\boost\config\compiler
..\%__SRC%\inc\boost\config\no_tr1\* %_DEST%\inc%_EXT%\boost\config\no_tr1
..\%__SRC%\inc\boost\config\platform\* %_DEST%\inc%_EXT%\boost\config\platform
..\%__SRC%\inc\boost\config\stdlib\* %_DEST%\inc%_EXT%\boost\config\stdlib
..\%__SRC%\inc\boost\container\* %_DEST%\inc%_EXT%\boost\container
..\%__SRC%\inc\boost\container_hash\* %_DEST%\inc%_EXT%\boost\container_hash
..\%__SRC%\inc\boost\container_hash\detail\* %_DEST%\inc%_EXT%\boost\container_hash\detail
..\%__SRC%\inc\boost\core\* %_DEST%\inc%_EXT%\boost\core
..\%__SRC%\inc\boost\core\detail\* %_DEST%\inc%_EXT%\boost\core\detail
..\%__SRC%\inc\boost\coroutine\detail\* %_DEST%\inc%_EXT%\boost\coroutine\detail
..\%__SRC%\inc\boost\coroutine\* %_DEST%\inc%_EXT%\boost\coroutine
..\%__SRC%\inc\boost\coroutine\v1\* %_DEST%\inc%_EXT%\boost\coroutine\v1
..\%__SRC%\inc\boost\coroutine\v1\detail\* %_DEST%\inc%_EXT%\boost\coroutine\v1\detail
..\%__SRC%\inc\boost\coroutine\v2\* %_DEST%\inc%_EXT%\boost\coroutine\v2
..\%__SRC%\inc\boost\coroutine\v2\detail\* %_DEST%\inc%_EXT%\boost\coroutine\v2\detail
..\%__SRC%\inc\boost\date_time\* %_DEST%\inc%_EXT%\boost\date_time
..\%__SRC%\inc\boost\date_time\gregorian\* %_DEST%\inc%_EXT%\boost\date_time\gregorian
..\%__SRC%\inc\boost\date_time\local_time\* %_DEST%\inc%_EXT%\boost\date_time\local_time
..\%__SRC%\inc\boost\date_time\posix_time\* %_DEST%\inc%_EXT%\boost\date_time\posix_time
..\%__SRC%\inc\boost\describe\* %_DEST%\inc%_EXT%\boost\describe
..\%__SRC%\inc\boost\describe\detail\* %_DEST%\inc%_EXT%\boost\describe\detail
..\%__SRC%\inc\boost\detail\* %_DEST%\inc%_EXT%\boost\detail
..\%__SRC%\inc\boost\detail\win\* %_DEST%\inc%_EXT%\boost\detail\win
..\%__SRC%\inc\boost\dynamic_bitset\* %_DEST%\inc%_EXT%\boost\dynamic_bitset
..\%__SRC%\inc\boost\exception\* %_DEST%\inc%_EXT%\boost\exception
..\%__SRC%\inc\boost\exception\detail\* %_DEST%\inc%_EXT%\boost\exception\detail
..\%__SRC%\inc\boost\filesystem\* %_DEST%\inc%_EXT%\boost\filesystem
..\%__SRC%\inc\boost\filesystem\detail\* %_DEST%\inc%_EXT%\boost\filesystem\detail
..\%__SRC%\inc\boost\filesystem\v2\* %_DEST%\inc%_EXT%\boost\filesystem\v2
..\%__SRC%\inc\boost\filesystem\v3\* %_DEST%\inc%_EXT%\boost\filesystem\v3
..\%__SRC%\inc\boost\flyweight\* %_DEST%\inc%_EXT%\boost\flyweight
..\%__SRC%\inc\boost\flyweight\detail\* %_DEST%\inc%_EXT%\boost\flyweight\detail
..\%__SRC%\inc\boost\format\* %_DEST%\inc%_EXT%\boost\format
..\%__SRC%\inc\boost\format\detail\* %_DEST%\inc%_EXT%\boost\format\detail
..\%__SRC%\inc\boost\function\* %_DEST%\inc%_EXT%\boost\function
..\%__SRC%\inc\boost\function\detail\* %_DEST%\inc%_EXT%\boost\function\detail
..\%__SRC%\inc\boost\function_types\config\* %_DEST%\inc%_EXT%\boost\function_types\config
..\%__SRC%\inc\boost\function_types\* %_DEST%\inc%_EXT%\boost\function_types
..\%__SRC%\inc\boost\function_types\detail\classifier_impl\* %_DEST%\inc%_EXT%\boost\function_types\detail\classifier_impl
..\%__SRC%\inc\boost\function_types\detail\components_impl\* %_DEST%\inc%_EXT%\boost\function_types\detail\components_impl
..\%__SRC%\inc\boost\function_types\detail\* %_DEST%\inc%_EXT%\boost\function_types\detail
..\%__SRC%\inc\boost\function_types\detail\encoding\* %_DEST%\inc%_EXT%\boost\function_types\detail\encoding
..\%__SRC%\inc\boost\function_types\detail\pp_cc_loop\* %_DEST%\inc%_EXT%\boost\function_types\detail\pp_cc_loop
..\%__SRC%\inc\boost\function_types\detail\pp_retag_default_cc\* %_DEST%\inc%_EXT%\boost\function_types\detail\pp_retag_default_cc
..\%__SRC%\inc\boost\function_types\detail\pp_tags\* %_DEST%\inc%_EXT%\boost\function_types\detail\pp_tags
..\%__SRC%\inc\boost\function_types\detail\pp_variate_loop\* %_DEST%\inc%_EXT%\boost\function_types\detail\pp_variate_loop
..\%__SRC%\inc\boost\function_types\detail\synthesize_impl\* %_DEST%\inc%_EXT%\boost\function_types\detail\synthesize_impl
..\%__SRC%\inc\boost\functional\* %_DEST%\inc%_EXT%\boost\functional
..\%__SRC%\inc\boost\functional\detail\* %_DEST%\inc%_EXT%\boost\functional\detail
..\%__SRC%\inc\boost\functional\hash\* %_DEST%\inc%_EXT%\boost\functional\hash
..\%__SRC%\inc\boost\functional\hash\detail\* %_DEST%\inc%_EXT%\boost\functional\hash\detail
..\%__SRC%\inc\boost\fusion\adapted\adt\* %_DEST%\inc%_EXT%\boost\fusion\adapted\adt
..\%__SRC%\inc\boost\fusion\adapted\array\* %_DEST%\inc%_EXT%\boost\fusion\adapted\array
..\%__SRC%\inc\boost\fusion\adapted\boost_array\* %_DEST%\inc%_EXT%\boost\fusion\adapted\boost_array
..\%__SRC%\inc\boost\fusion\adapted\boost_array\detail\* %_DEST%\inc%_EXT%\boost\fusion\adapted\boost_array\detail
..\%__SRC%\inc\boost\fusion\adapted\boost_tuple\* %_DEST%\inc%_EXT%\boost\fusion\adapted\boost_tuple
..\%__SRC%\inc\boost\fusion\adapted\boost_tuple\detail\* %_DEST%\inc%_EXT%\boost\fusion\adapted\boost_tuple\detail
..\%__SRC%\inc\boost\fusion\adapted\* %_DEST%\inc%_EXT%\boost\fusion\adapted
..\%__SRC%\inc\boost\fusion\adapted\mpl\* %_DEST%\inc%_EXT%\boost\fusion\adapted\mpl
..\%__SRC%\inc\boost\fusion\adapted\mpl\detail\* %_DEST%\inc%_EXT%\boost\fusion\adapted\mpl\detail
..\%__SRC%\inc\boost\fusion\adapted\std_tuple\* %_DEST%\inc%_EXT%\boost\fusion\adapted\std_tuple
..\%__SRC%\inc\boost\fusion\adapted\std_tuple\detail\* %_DEST%\inc%_EXT%\boost\fusion\adapted\std_tuple\detail
..\%__SRC%\inc\boost\fusion\adapted\struct\* %_DEST%\inc%_EXT%\boost\fusion\adapted\struct
..\%__SRC%\inc\boost\fusion\adapted\struct\detail\* %_DEST%\inc%_EXT%\boost\fusion\adapted\struct\detail
..\%__SRC%\inc\boost\fusion\algorithm\* %_DEST%\inc%_EXT%\boost\fusion\algorithm
..\%__SRC%\inc\boost\fusion\algorithm\iteration\* %_DEST%\inc%_EXT%\boost\fusion\algorithm\iteration
..\%__SRC%\inc\boost\fusion\algorithm\iteration\detail\* %_DEST%\inc%_EXT%\boost\fusion\algorithm\iteration\detail
..\%__SRC%\inc\boost\fusion\algorithm\query\* %_DEST%\inc%_EXT%\boost\fusion\algorithm\query
..\%__SRC%\inc\boost\fusion\algorithm\query\detail\* %_DEST%\inc%_EXT%\boost\fusion\algorithm\query\detail
..\%__SRC%\inc\boost\fusion\algorithm\query\ext_\* %_DEST%\inc%_EXT%\boost\fusion\algorithm\query\ext_
..\%__SRC%\inc\boost\fusion\algorithm\transformation\* %_DEST%\inc%_EXT%\boost\fusion\algorithm\transformation
..\%__SRC%\inc\boost\fusion\algorithm\transformation\detail\* %_DEST%\inc%_EXT%\boost\fusion\algorithm\transformation\detail
..\%__SRC%\inc\boost\fusion\container\deque\* %_DEST%\inc%_EXT%\boost\fusion\container\deque
..\%__SRC%\inc\boost\fusion\container\deque\detail\* %_DEST%\inc%_EXT%\boost\fusion\container\deque\detail
..\%__SRC%\inc\boost\fusion\container\* %_DEST%\inc%_EXT%\boost\fusion\container
..\%__SRC%\inc\boost\fusion\container\generation\* %_DEST%\inc%_EXT%\boost\fusion\container\generation
..\%__SRC%\inc\boost\fusion\container\generation\detail\preprocessed\* %_DEST%\inc%_EXT%\boost\fusion\container\generation\detail\preprocessed
..\%__SRC%\inc\boost\fusion\container\list\detail\* %_DEST%\inc%_EXT%\boost\fusion\container\list\detail
..\%__SRC%\inc\boost\fusion\container\list\detail\preprocessed\* %_DEST%\inc%_EXT%\boost\fusion\container\list\detail\preprocessed
..\%__SRC%\inc\boost\fusion\container\list\* %_DEST%\inc%_EXT%\boost\fusion\container\list
..\%__SRC%\inc\boost\fusion\container\map\* %_DEST%\inc%_EXT%\boost\fusion\container\map
..\%__SRC%\inc\boost\fusion\container\map\detail\* %_DEST%\inc%_EXT%\boost\fusion\container\map\detail
..\%__SRC%\inc\boost\fusion\container\set\* %_DEST%\inc%_EXT%\boost\fusion\container\set
..\%__SRC%\inc\boost\fusion\container\set\detail\* %_DEST%\inc%_EXT%\boost\fusion\container\set\detail
..\%__SRC%\inc\boost\fusion\container\vector\* %_DEST%\inc%_EXT%\boost\fusion\container\vector
..\%__SRC%\inc\boost\fusion\container\vector\detail\* %_DEST%\inc%_EXT%\boost\fusion\container\vector\detail
..\%__SRC%\inc\boost\fusion\* %_DEST%\inc%_EXT%\boost\fusion
..\%__SRC%\inc\boost\fusion\functional\adapter\* %_DEST%\inc%_EXT%\boost\fusion\functional\adapter
..\%__SRC%\inc\boost\fusion\functional\adapter\detail\* %_DEST%\inc%_EXT%\boost\fusion\functional\adapter\detail
..\%__SRC%\inc\boost\fusion\functional\* %_DEST%\inc%_EXT%\boost\fusion\functional
..\%__SRC%\inc\boost\fusion\functional\generation\* %_DEST%\inc%_EXT%\boost\fusion\functional\generation
..\%__SRC%\inc\boost\fusion\functional\generation\detail\* %_DEST%\inc%_EXT%\boost\fusion\functional\generation\detail
..\%__SRC%\inc\boost\fusion\functional\invocation\* %_DEST%\inc%_EXT%\boost\fusion\functional\invocation
..\%__SRC%\inc\boost\fusion\functional\invocation\detail\* %_DEST%\inc%_EXT%\boost\fusion\functional\invocation\detail
..\%__SRC%\inc\boost\fusion\include\* %_DEST%\inc%_EXT%\boost\fusion\include
..\%__SRC%\inc\boost\fusion\iterator\* %_DEST%\inc%_EXT%\boost\fusion\iterator
..\%__SRC%\inc\boost\fusion\iterator\detail\* %_DEST%\inc%_EXT%\boost\fusion\iterator\detail
..\%__SRC%\inc\boost\fusion\iterator\mpl\* %_DEST%\inc%_EXT%\boost\fusion\iterator\mpl
..\%__SRC%\inc\boost\fusion\mpl\* %_DEST%\inc%_EXT%\boost\fusion\mpl
..\%__SRC%\inc\boost\fusion\mpl\detail\* %_DEST%\inc%_EXT%\boost\fusion\mpl\detail
..\%__SRC%\inc\boost\fusion\sequence\comparison\* %_DEST%\inc%_EXT%\boost\fusion\sequence\comparison
..\%__SRC%\inc\boost\fusion\sequence\comparison\detail\* %_DEST%\inc%_EXT%\boost\fusion\sequence\comparison\detail
..\%__SRC%\inc\boost\fusion\sequence\* %_DEST%\inc%_EXT%\boost\fusion\sequence
..\%__SRC%\inc\boost\fusion\sequence\intrinsic\* %_DEST%\inc%_EXT%\boost\fusion\sequence\intrinsic
..\%__SRC%\inc\boost\fusion\sequence\intrinsic\ext_\* %_DEST%\inc%_EXT%\boost\fusion\sequence\intrinsic\ext_
..\%__SRC%\inc\boost\fusion\sequence\io\* %_DEST%\inc%_EXT%\boost\fusion\sequence\io
..\%__SRC%\inc\boost\fusion\sequence\io\detail\* %_DEST%\inc%_EXT%\boost\fusion\sequence\io\detail
..\%__SRC%\inc\boost\fusion\support\* %_DEST%\inc%_EXT%\boost\fusion\support
..\%__SRC%\inc\boost\fusion\support\detail\* %_DEST%\inc%_EXT%\boost\fusion\support\detail
..\%__SRC%\inc\boost\fusion\support\ext_\* %_DEST%\inc%_EXT%\boost\fusion\support\ext_
..\%__SRC%\inc\boost\fusion\tuple\* %_DEST%\inc%_EXT%\boost\fusion\tuple
..\%__SRC%\inc\boost\fusion\tuple\detail\* %_DEST%\inc%_EXT%\boost\fusion\tuple\detail
..\%__SRC%\inc\boost\fusion\view\* %_DEST%\inc%_EXT%\boost\fusion\view
..\%__SRC%\inc\boost\fusion\view\detail\* %_DEST%\inc%_EXT%\boost\fusion\view\detail
..\%__SRC%\inc\boost\fusion\view\ext_\* %_DEST%\inc%_EXT%\boost\fusion\view\ext_
..\%__SRC%\inc\boost\fusion\view\filter_view\* %_DEST%\inc%_EXT%\boost\fusion\view\filter_view
..\%__SRC%\inc\boost\fusion\view\filter_view\detail\* %_DEST%\inc%_EXT%\boost\fusion\view\filter_view\detail
..\%__SRC%\inc\boost\fusion\view\iterator_range\* %_DEST%\inc%_EXT%\boost\fusion\view\iterator_range
..\%__SRC%\inc\boost\fusion\view\iterator_range\detail\* %_DEST%\inc%_EXT%\boost\fusion\view\iterator_range\detail
..\%__SRC%\inc\boost\fusion\view\joint_view\* %_DEST%\inc%_EXT%\boost\fusion\view\joint_view
..\%__SRC%\inc\boost\fusion\view\joint_view\detail\* %_DEST%\inc%_EXT%\boost\fusion\view\joint_view\detail
..\%__SRC%\inc\boost\fusion\view\nview\* %_DEST%\inc%_EXT%\boost\fusion\view\nview
..\%__SRC%\inc\boost\fusion\view\nview\detail\* %_DEST%\inc%_EXT%\boost\fusion\view\nview\detail
..\%__SRC%\inc\boost\fusion\view\repetitive_view\* %_DEST%\inc%_EXT%\boost\fusion\view\repetitive_view
..\%__SRC%\inc\boost\fusion\view\repetitive_view\detail\* %_DEST%\inc%_EXT%\boost\fusion\view\repetitive_view\detail
..\%__SRC%\inc\boost\fusion\view\reverse_view\* %_DEST%\inc%_EXT%\boost\fusion\view\reverse_view
..\%__SRC%\inc\boost\fusion\view\reverse_view\detail\* %_DEST%\inc%_EXT%\boost\fusion\view\reverse_view\detail
..\%__SRC%\inc\boost\fusion\view\single_view\* %_DEST%\inc%_EXT%\boost\fusion\view\single_view
..\%__SRC%\inc\boost\fusion\view\single_view\detail\* %_DEST%\inc%_EXT%\boost\fusion\view\single_view\detail
..\%__SRC%\inc\boost\fusion\view\transform_view\* %_DEST%\inc%_EXT%\boost\fusion\view\transform_view
..\%__SRC%\inc\boost\fusion\view\transform_view\detail\* %_DEST%\inc%_EXT%\boost\fusion\view\transform_view\detail
..\%__SRC%\inc\boost\fusion\view\zip_view\* %_DEST%\inc%_EXT%\boost\fusion\view\zip_view
..\%__SRC%\inc\boost\fusion\view\zip_view\detail\* %_DEST%\inc%_EXT%\boost\fusion\view\zip_view\detail
..\%__SRC%\inc\boost\geometry\algorithms\* %_DEST%\inc%_EXT%\boost\geometry\algorithms
..\%__SRC%\inc\boost\geometry\algorithms\detail\* %_DEST%\inc%_EXT%\boost\geometry\algorithms\detail
..\%__SRC%\inc\boost\geometry\algorithms\detail\overlay\* %_DEST%\inc%_EXT%\boost\geometry\algorithms\detail\overlay
..\%__SRC%\inc\boost\geometry\algorithms\detail\sections\* %_DEST%\inc%_EXT%\boost\geometry\algorithms\detail\sections
..\%__SRC%\inc\boost\geometry\arithmetic\* %_DEST%\inc%_EXT%\boost\geometry\arithmetic
..\%__SRC%\inc\boost\geometry\core\* %_DEST%\inc%_EXT%\boost\geometry\core
..\%__SRC%\inc\boost\geometry\domains\* %_DEST%\inc%_EXT%\boost\geometry\domains
..\%__SRC%\inc\boost\geometry\domains\gis\* %_DEST%\inc%_EXT%\boost\geometry\domains\gis
..\%__SRC%\inc\boost\geometry\domains\gis\io\* %_DEST%\inc%_EXT%\boost\geometry\domains\gis\io
..\%__SRC%\inc\boost\geometry\domains\gis\io\wkt\* %_DEST%\inc%_EXT%\boost\geometry\domains\gis\io\wkt
..\%__SRC%\inc\boost\geometry\domains\gis\io\wkt\detail\* %_DEST%\inc%_EXT%\boost\geometry\domains\gis\io\wkt\detail
..\%__SRC%\inc\boost\geometry\geometries\* %_DEST%\inc%_EXT%\boost\geometry\geometries
..\%__SRC%\inc\boost\geometry\geometries\adapted\* %_DEST%\inc%_EXT%\boost\geometry\geometries\adapted
..\%__SRC%\inc\boost\geometry\geometries\concepts\* %_DEST%\inc%_EXT%\boost\geometry\geometries\concepts
..\%__SRC%\inc\boost\geometry\geometries\register\* %_DEST%\inc%_EXT%\boost\geometry\geometries\register
..\%__SRC%\inc\boost\geometry\geometries\iterators\* %_DEST%\inc%_EXT%\boost\geometry\geometries\iterators
..\%__SRC%\inc\boost\geometry\multi\* %_DEST%\inc%_EXT%\boost\geometry\multi
..\%__SRC%\inc\boost\geometry\multi\algorithms\* %_DEST%\inc%_EXT%\boost\geometry\multi\algorithms
..\%__SRC%\inc\boost\geometry\multi\algorithms\detail\* %_DEST%\inc%_EXT%\boost\geometry\multi\algorithms\detail
..\%__SRC%\inc\boost\geometry\multi\algorithms\detail\overlay\* %_DEST%\inc%_EXT%\boost\geometry\multi\algorithms\detail\overlay
..\%__SRC%\inc\boost\geometry\multi\algorithms\detail\sections\* %_DEST%\inc%_EXT%\boost\geometry\multi\algorithms\detail\sections
..\%__SRC%\inc\boost\geometry\multi\core\* %_DEST%\inc%_EXT%\boost\geometry\multi\core
..\%__SRC%\inc\boost\geometry\multi\geometries\* %_DEST%\inc%_EXT%\boost\geometry\multi\geometries
..\%__SRC%\inc\boost\geometry\multi\geometries\concepts\* %_DEST%\inc%_EXT%\boost\geometry\multi\geometries\concepts
..\%__SRC%\inc\boost\geometry\multi\geometries\register\* %_DEST%\inc%_EXT%\boost\geometry\multi\geometries\register
..\%__SRC%\inc\boost\geometry\multi\algorithms\* %_DEST%\inc%_EXT%\boost\geometry\multi\algorithms
..\%__SRC%\inc\boost\geometry\multi\core\* %_DEST%\inc%_EXT%\boost\geometry\multi\core
..\%__SRC%\inc\boost\geometry\multi\geometries\* %_DEST%\inc%_EXT%\boost\geometry\multi\geometries
..\%__SRC%\inc\boost\geometry\multi\geometries\concepts\* %_DEST%\inc%_EXT%\boost\geometry\multi\geometries\concepts
..\%__SRC%\inc\boost\geometry\multi\geometries\register\* %_DEST%\inc%_EXT%\boost\geometry\multi\geometries\register
..\%__SRC%\inc\boost\geometry\multi\strategies\cartesian\* %_DEST%\inc%_EXT%\boost\geometry\multi\strategies\cartesian
..\%__SRC%\inc\boost\geometry\multi\util\* %_DEST%\inc%_EXT%\boost\geometry\multi\util
..\%__SRC%\inc\boost\geometry\multi\views\detail\* %_DEST%\inc%_EXT%\boost\geometry\multi\views\detail
..\%__SRC%\inc\boost\geometry\policies\* %_DEST%\inc%_EXT%\boost\geometry\policies
..\%__SRC%\inc\boost\geometry\policies\relate\* %_DEST%\inc%_EXT%\boost\geometry\policies\relate
..\%__SRC%\inc\boost\geometry\strategies\* %_DEST%\inc%_EXT%\boost\geometry\strategies
..\%__SRC%\inc\boost\geometry\strategies\agnostic\* %_DEST%\inc%_EXT%\boost\geometry\strategies\agnostic
..\%__SRC%\inc\boost\geometry\strategies\cartesian\* %_DEST%\inc%_EXT%\boost\geometry\strategies\cartesian
..\%__SRC%\inc\boost\geometry\strategies\concepts\* %_DEST%\inc%_EXT%\boost\geometry\strategies\concepts
..\%__SRC%\inc\boost\geometry\strategies\spherical\* %_DEST%\inc%_EXT%\boost\geometry\strategies\spherical
..\%__SRC%\inc\boost\geometry\strategies\transform\* %_DEST%\inc%_EXT%\boost\geometry\strategies\transform
..\%__SRC%\inc\boost\geometry\util\* %_DEST%\inc%_EXT%\boost\geometry\util
..\%__SRC%\inc\boost\geometry\views\* %_DEST%\inc%_EXT%\boost\geometry\views
..\%__SRC%\inc\boost\gil\* %_DEST%\inc%_EXT%\boost\gil
..\%__SRC%\inc\boost\gil\extension\dynamic_image\* %_DEST%\inc%_EXT%\boost\gil\extension\dynamic_image
..\%__SRC%\inc\boost\gil\extension\io\* %_DEST%\inc%_EXT%\boost\gil\extension\io
..\%__SRC%\inc\boost\graph\* %_DEST%\inc%_EXT%\boost\graph
..\%__SRC%\inc\boost\graph\detail\* %_DEST%\inc%_EXT%\boost\graph\detail
..\%__SRC%\inc\boost\graph\distributed\adjlist\* %_DEST%\inc%_EXT%\boost\graph\distributed\adjlist
..\%__SRC%\inc\boost\graph\distributed\* %_DEST%\inc%_EXT%\boost\graph\distributed
..\%__SRC%\inc\boost\graph\distributed\detail\* %_DEST%\inc%_EXT%\boost\graph\distributed\detail
..\%__SRC%\inc\boost\graph\parallel\* %_DEST%\inc%_EXT%\boost\graph\parallel
..\%__SRC%\inc\boost\graph\parallel\detail\* %_DEST%\inc%_EXT%\boost\graph\parallel\detail
..\%__SRC%\inc\boost\graph\planar_detail\* %_DEST%\inc%_EXT%\boost\graph\planar_detail
..\%__SRC%\inc\boost\graph\property_maps\* %_DEST%\inc%_EXT%\boost\graph\property_maps
..\%__SRC%\inc\boost\icl\* %_DEST%\inc%_EXT%\boost\icl
..\%__SRC%\inc\boost\icl\concept\* %_DEST%\inc%_EXT%\boost\icl\concept
..\%__SRC%\inc\boost\icl\detail\* %_DEST%\inc%_EXT%\boost\icl\detail
..\%__SRC%\inc\boost\icl\type_traits\* %_DEST%\inc%_EXT%\boost\icl\type_traits
..\%__SRC%\inc\boost\integer\* %_DEST%\inc%_EXT%\boost\integer
..\%__SRC%\inc\boost\interprocess\allocators\* %_DEST%\inc%_EXT%\boost\interprocess\allocators
..\%__SRC%\inc\boost\interprocess\allocators\detail\* %_DEST%\inc%_EXT%\boost\interprocess\allocators\detail
..\%__SRC%\inc\boost\interprocess\containers\container\* %_DEST%\inc%_EXT%\boost\interprocess\containers\container
..\%__SRC%\inc\boost\interprocess\containers\container\detail\* %_DEST%\inc%_EXT%\boost\interprocess\containers\container\detail
..\%__SRC%\inc\boost\interprocess\containers\* %_DEST%\inc%_EXT%\boost\interprocess\containers
..\%__SRC%\inc\boost\interprocess\* %_DEST%\inc%_EXT%\boost\interprocess
..\%__SRC%\inc\boost\interprocess\detail\* %_DEST%\inc%_EXT%\boost\interprocess\detail
..\%__SRC%\inc\boost\interprocess\indexes\* %_DEST%\inc%_EXT%\boost\interprocess\indexes
..\%__SRC%\inc\boost\interprocess\ipc\* %_DEST%\inc%_EXT%\boost\interprocess\ipc
..\%__SRC%\inc\boost\interprocess\mem_algo\* %_DEST%\inc%_EXT%\boost\interprocess\mem_algo
..\%__SRC%\inc\boost\interprocess\mem_algo\detail\* %_DEST%\inc%_EXT%\boost\interprocess\mem_algo\detail
..\%__SRC%\inc\boost\interprocess\smart_ptr\* %_DEST%\inc%_EXT%\boost\interprocess\smart_ptr
..\%__SRC%\inc\boost\interprocess\smart_ptr\detail\* %_DEST%\inc%_EXT%\boost\interprocess\smart_ptr\detail
..\%__SRC%\inc\boost\interprocess\streams\* %_DEST%\inc%_EXT%\boost\interprocess\streams
..\%__SRC%\inc\boost\interprocess\sync\* %_DEST%\inc%_EXT%\boost\interprocess\sync
..\%__SRC%\inc\boost\interprocess\sync\emulation\* %_DEST%\inc%_EXT%\boost\interprocess\sync\emulation
..\%__SRC%\inc\boost\interprocess\sync\posix\* %_DEST%\inc%_EXT%\boost\interprocess\sync\posix
..\%__SRC%\inc\boost\interprocess\sync\xsi\* %_DEST%\inc%_EXT%\boost\interprocess\sync\xsi
..\%__SRC%\inc\boost\intrusive\* %_DEST%\inc%_EXT%\boost\intrusive
..\%__SRC%\inc\boost\intrusive\detail\* %_DEST%\inc%_EXT%\boost\intrusive\detail
..\%__SRC%\inc\boost\io\* %_DEST%\inc%_EXT%\boost\io
..\%__SRC%\inc\boost\io\detail\* %_DEST%\inc%_EXT%\boost\io\detail
..\%__SRC%\inc\boost\iostreams\* %_DEST%\inc%_EXT%\boost\iostreams
..\%__SRC%\inc\boost\iostreams\detail\adapter\* %_DEST%\inc%_EXT%\boost\iostreams\detail\adapter
..\%__SRC%\inc\boost\iostreams\detail\broken_overload_resolution\* %_DEST%\inc%_EXT%\boost\iostreams\detail\broken_overload_resolution
..\%__SRC%\inc\boost\iostreams\detail\config\* %_DEST%\inc%_EXT%\boost\iostreams\detail\config
..\%__SRC%\inc\boost\iostreams\detail\* %_DEST%\inc%_EXT%\boost\iostreams\detail
..\%__SRC%\inc\boost\iostreams\detail\streambuf\* %_DEST%\inc%_EXT%\boost\iostreams\detail\streambuf
..\%__SRC%\inc\boost\iostreams\detail\vc6\* %_DEST%\inc%_EXT%\boost\iostreams\detail\vc6
..\%__SRC%\inc\boost\iostreams\device\* %_DEST%\inc%_EXT%\boost\iostreams\device
..\%__SRC%\inc\boost\iostreams\filter\* %_DEST%\inc%_EXT%\boost\iostreams\filter
..\%__SRC%\inc\boost\iterator\* %_DEST%\inc%_EXT%\boost\iterator
..\%__SRC%\inc\boost\iterator\detail\* %_DEST%\inc%_EXT%\boost\iterator\detail
..\%__SRC%\inc\boost\lambda\* %_DEST%\inc%_EXT%\boost\lambda
..\%__SRC%\inc\boost\lambda\detail\* %_DEST%\inc%_EXT%\boost\lambda\detail
..\%__SRC%\inc\boost\lexical_cast\* %_DEST%\inc%_EXT%\boost\lexical_cast
..\%__SRC%\inc\boost\lexical_cast\detail\* %_DEST%\inc%_EXT%\boost\lexical_cast\detail
..\%__SRC%\inc\boost\locale\* %_DEST%\inc%_EXT%\boost\locale
..\%__SRC%\inc\boost\locale\boundary\* %_DEST%\inc%_EXT%\boost\locale\boundary
..\%__SRC%\inc\boost\logic\* %_DEST%\inc%_EXT%\boost\logic
..\%__SRC%\inc\boost\math\bindings\* %_DEST%\inc%_EXT%\boost\math\bindings
..\%__SRC%\inc\boost\math\bindings\detail\* %_DEST%\inc%_EXT%\boost\math\bindings\detail
..\%__SRC%\inc\boost\math\complex\* %_DEST%\inc%_EXT%\boost\math\complex
..\%__SRC%\inc\boost\math\concepts\* %_DEST%\inc%_EXT%\boost\math\concepts
..\%__SRC%\inc\boost\math\constants\* %_DEST%\inc%_EXT%\boost\math\constants
..\%__SRC%\inc\boost\math\* %_DEST%\inc%_EXT%\boost\math
..\%__SRC%\inc\boost\math\distributions\* %_DEST%\inc%_EXT%\boost\math\distributions
..\%__SRC%\inc\boost\math\distributions\detail\* %_DEST%\inc%_EXT%\boost\math\distributions\detail
..\%__SRC%\inc\boost\math\policies\* %_DEST%\inc%_EXT%\boost\math\policies
..\%__SRC%\inc\boost\math\special_functions\* %_DEST%\inc%_EXT%\boost\math\special_functions
..\%__SRC%\inc\boost\math\special_functions\detail\* %_DEST%\inc%_EXT%\boost\math\special_functions\detail
..\%__SRC%\inc\boost\math\tools\* %_DEST%\inc%_EXT%\boost\math\tools
..\%__SRC%\inc\boost\math\tools\detail\* %_DEST%\inc%_EXT%\boost\math\tools\detail
..\%__SRC%\inc\boost\move\* %_DEST%\inc%_EXT%\boost\move
..\%__SRC%\inc\boost\move\detail\* %_DEST%\inc%_EXT%\boost\move\detail
..\%__SRC%\inc\boost\mp11\* %_DEST%\inc%_EXT%\boost\mp11
..\%__SRC%\inc\boost\mp11\detail\* %_DEST%\inc%_EXT%\boost\mp11\detail
..\%__SRC%\inc\boost\mpi\* %_DEST%\inc%_EXT%\boost\mpi
..\%__SRC%\inc\boost\mpi\collectives\* %_DEST%\inc%_EXT%\boost\mpi\collectives
..\%__SRC%\inc\boost\mpi\detail\* %_DEST%\inc%_EXT%\boost\mpi\detail
..\%__SRC%\inc\boost\mpi\python\* %_DEST%\inc%_EXT%\boost\mpi\python
..\%__SRC%\inc\boost\mpl\aux_\config\* %_DEST%\inc%_EXT%\boost\mpl\aux_\config
..\%__SRC%\inc\boost\mpl\aux_\* %_DEST%\inc%_EXT%\boost\mpl\aux_
..\%__SRC%\inc\boost\mpl\aux_\preprocessed\bcc551\* %_DEST%\inc%_EXT%\boost\mpl\aux_\preprocessed\bcc551
..\%__SRC%\inc\boost\mpl\aux_\preprocessed\bcc\* %_DEST%\inc%_EXT%\boost\mpl\aux_\preprocessed\bcc
..\%__SRC%\inc\boost\mpl\aux_\preprocessed\bcc_pre590\* %_DEST%\inc%_EXT%\boost\mpl\aux_\preprocessed\bcc_pre590
..\%__SRC%\inc\boost\mpl\aux_\preprocessed\dmc\* %_DEST%\inc%_EXT%\boost\mpl\aux_\preprocessed\dmc
..\%__SRC%\inc\boost\mpl\aux_\preprocessed\gcc\* %_DEST%\inc%_EXT%\boost\mpl\aux_\preprocessed\gcc
..\%__SRC%\inc\boost\mpl\aux_\preprocessed\msvc60\* %_DEST%\inc%_EXT%\boost\mpl\aux_\preprocessed\msvc60
..\%__SRC%\inc\boost\mpl\aux_\preprocessed\msvc70\* %_DEST%\inc%_EXT%\boost\mpl\aux_\preprocessed\msvc70
..\%__SRC%\inc\boost\mpl\aux_\preprocessed\mwcw\* %_DEST%\inc%_EXT%\boost\mpl\aux_\preprocessed\mwcw
..\%__SRC%\inc\boost\mpl\aux_\preprocessed\no_ctps\* %_DEST%\inc%_EXT%\boost\mpl\aux_\preprocessed\no_ctps
..\%__SRC%\inc\boost\mpl\aux_\preprocessed\no_ttp\* %_DEST%\inc%_EXT%\boost\mpl\aux_\preprocessed\no_ttp
..\%__SRC%\inc\boost\mpl\aux_\preprocessed\plain\* %_DEST%\inc%_EXT%\boost\mpl\aux_\preprocessed\plain
..\%__SRC%\inc\boost\mpl\aux_\preprocessor\* %_DEST%\inc%_EXT%\boost\mpl\aux_\preprocessor
..\%__SRC%\inc\boost\mpl\aux_\range_c\* %_DEST%\inc%_EXT%\boost\mpl\aux_\range_c
..\%__SRC%\inc\boost\mpl\aux_\test\* %_DEST%\inc%_EXT%\boost\mpl\aux_\test
..\%__SRC%\inc\boost\mpl\* %_DEST%\inc%_EXT%\boost\mpl
..\%__SRC%\inc\boost\mpl\limits\* %_DEST%\inc%_EXT%\boost\mpl\limits
..\%__SRC%\inc\boost\mpl\list\aux_\* %_DEST%\inc%_EXT%\boost\mpl\list\aux_
..\%__SRC%\inc\boost\mpl\list\aux_\preprocessed\plain\* %_DEST%\inc%_EXT%\boost\mpl\list\aux_\preprocessed\plain
..\%__SRC%\inc\boost\mpl\list\* %_DEST%\inc%_EXT%\boost\mpl\list
..\%__SRC%\inc\boost\mpl\map\aux_\* %_DEST%\inc%_EXT%\boost\mpl\map\aux_
..\%__SRC%\inc\boost\mpl\map\aux_\preprocessed\no_ctps\* %_DEST%\inc%_EXT%\boost\mpl\map\aux_\preprocessed\no_ctps
..\%__SRC%\inc\boost\mpl\map\aux_\preprocessed\plain\* %_DEST%\inc%_EXT%\boost\mpl\map\aux_\preprocessed\plain
..\%__SRC%\inc\boost\mpl\map\aux_\preprocessed\typeof_based\* %_DEST%\inc%_EXT%\boost\mpl\map\aux_\preprocessed\typeof_based
..\%__SRC%\inc\boost\mpl\map\* %_DEST%\inc%_EXT%\boost\mpl\map
..\%__SRC%\inc\boost\mpl\math\* %_DEST%\inc%_EXT%\boost\mpl\math
..\%__SRC%\inc\boost\mpl\multiset\aux_\* %_DEST%\inc%_EXT%\boost\mpl\multiset\aux_
..\%__SRC%\inc\boost\mpl\multiset\* %_DEST%\inc%_EXT%\boost\mpl\multiset
..\%__SRC%\inc\boost\mpl\set\aux_\* %_DEST%\inc%_EXT%\boost\mpl\set\aux_
..\%__SRC%\inc\boost\mpl\set\aux_\preprocessed\plain\* %_DEST%\inc%_EXT%\boost\mpl\set\aux_\preprocessed\plain
..\%__SRC%\inc\boost\mpl\set\* %_DEST%\inc%_EXT%\boost\mpl\set
..\%__SRC%\inc\boost\mpl\vector\aux_\* %_DEST%\inc%_EXT%\boost\mpl\vector\aux_
..\%__SRC%\inc\boost\mpl\vector\aux_\preprocessed\no_ctps\* %_DEST%\inc%_EXT%\boost\mpl\vector\aux_\preprocessed\no_ctps
..\%__SRC%\inc\boost\mpl\vector\aux_\preprocessed\plain\* %_DEST%\inc%_EXT%\boost\mpl\vector\aux_\preprocessed\plain
..\%__SRC%\inc\boost\mpl\vector\aux_\preprocessed\typeof_based\* %_DEST%\inc%_EXT%\boost\mpl\vector\aux_\preprocessed\typeof_based
..\%__SRC%\inc\boost\mpl\vector\* %_DEST%\inc%_EXT%\boost\mpl\vector
..\%__SRC%\inc\boost\msm\back\* %_DEST%\inc%_EXT%\boost\msm\back
..\%__SRC%\inc\boost\msm\* %_DEST%\inc%_EXT%\boost\msm
..\%__SRC%\inc\boost\msm\front\* %_DEST%\inc%_EXT%\boost\msm\front
..\%__SRC%\inc\boost\msm\front\detail\* %_DEST%\inc%_EXT%\boost\msm\front\detail
..\%__SRC%\inc\boost\msm\front\euml\* %_DEST%\inc%_EXT%\boost\msm\front\euml
..\%__SRC%\inc\boost\msm\mpl_graph\* %_DEST%\inc%_EXT%\boost\msm\mpl_graph
..\%__SRC%\inc\boost\msm\mpl_graph\detail\* %_DEST%\inc%_EXT%\boost\msm\mpl_graph\detail
..\%__SRC%\inc\boost\multi_array\* %_DEST%\inc%_EXT%\boost\multi_array
..\%__SRC%\inc\boost\multi_index\* %_DEST%\inc%_EXT%\boost\multi_index
..\%__SRC%\inc\boost\multi_index\detail\* %_DEST%\inc%_EXT%\boost\multi_index\detail
..\%__SRC%\inc\boost\multiprecision\* %_DEST%\inc%_EXT%\boost\multiprecision
..\%__SRC%\inc\boost\multiprecision\cpp_int\* %_DEST%\inc%_EXT%\boost\multiprecision\cpp_int
..\%__SRC%\inc\boost\multiprecision\detail\* %_DEST%\inc%_EXT%\boost\multiprecision\detail
..\%__SRC%\inc\boost\multiprecision\traits\* %_DEST%\inc%_EXT%\boost\multiprecision\traits
..\%__SRC%\inc\boost\numeric\conversion\* %_DEST%\inc%_EXT%\boost\numeric\conversion
..\%__SRC%\inc\boost\numeric\conversion\detail\* %_DEST%\inc%_EXT%\boost\numeric\conversion\detail
..\%__SRC%\inc\boost\numeric\conversion\detail\preprocessed\* %_DEST%\inc%_EXT%\boost\numeric\conversion\detail\preprocessed
..\%__SRC%\inc\boost\numeric\* %_DEST%\inc%_EXT%\boost\numeric
..\%__SRC%\inc\boost\numeric\interval\compare\* %_DEST%\inc%_EXT%\boost\numeric\interval\compare
..\%__SRC%\inc\boost\numeric\interval\* %_DEST%\inc%_EXT%\boost\numeric\interval
..\%__SRC%\inc\boost\numeric\interval\detail\* %_DEST%\inc%_EXT%\boost\numeric\interval\detail
..\%__SRC%\inc\boost\numeric\interval\ext\* %_DEST%\inc%_EXT%\boost\numeric\interval\ext
..\%__SRC%\inc\boost\numeric\odeint\* %_DEST%\inc%_EXT%\boost\numeric\odeint
..\%__SRC%\inc\boost\numeric\odeint\algebra\* %_DEST%\inc%_EXT%\boost\numeric\odeint\algebra
..\%__SRC%\inc\boost\numeric\odeint\external\* %_DEST%\inc%_EXT%\boost\numeric\odeint\external
..\%__SRC%\inc\boost\numeric\odeint\external\vesxcl\* %_DEST%\inc%_EXT%\boost\numeric\odeint\external\vexcl
..\%__SRC%\inc\boost\numeric\odeint\external\viennacl\* %_DEST%\inc%_EXT%\boost\numeric\odeint\external\viennacl
..\%__SRC%\inc\boost\numeric\odeint\integrate\* %_DEST%\inc%_EXT%\boost\numeric\odeint\integrate
..\%__SRC%\inc\boost\numeric\odeint\integrate\detail\* %_DEST%\inc%_EXT%\boost\numeric\odeint\integrate\detail
..\%__SRC%\inc\boost\numeric\odeint\stepper\* %_DEST%\inc%_EXT%\boost\numeric\odeint\stepper
..\%__SRC%\inc\boost\numeric\odeint\stepper\base\* %_DEST%\inc%_EXT%\boost\numeric\odeint\stepper\base
..\%__SRC%\inc\boost\numeric\odeint\stepper\detail\* %_DEST%\inc%_EXT%\boost\numeric\odeint\stepper\detail
..\%__SRC%\inc\boost\numeric\odeint\stepper\generation\* %_DEST%\inc%_EXT%\boost\numeric\odeint\stepper\generation
..\%__SRC%\inc\boost\numeric\odeint\util\* %_DEST%\inc%_EXT%\boost\numeric\odeint\util
..\%__SRC%\inc\boost\numeric\ublas\* %_DEST%\inc%_EXT%\boost\numeric\ublas
..\%__SRC%\inc\boost\numeric\ublas\detail\* %_DEST%\inc%_EXT%\boost\numeric\ublas\detail
..\%__SRC%\inc\boost\numeric\ublas\experimental\* %_DEST%\inc%_EXT%\boost\numeric\ublas\experimental
..\%__SRC%\inc\boost\numeric\ublas\operation\* %_DEST%\inc%_EXT%\boost\numeric\ublas\operation
..\%__SRC%\inc\boost\numeric\ublas\traits\* %_DEST%\inc%_EXT%\boost\numeric\ublas\traits
..\%__SRC%\inc\boost\optional\* %_DEST%\inc%_EXT%\boost\optional
..\%__SRC%\inc\boost\parameter\aux_\* %_DEST%\inc%_EXT%\boost\parameter\aux_
..\%__SRC%\inc\boost\parameter\aux_\preprocessor\* %_DEST%\inc%_EXT%\boost\parameter\aux_\preprocessor
..\%__SRC%\inc\boost\parameter\aux_\python\* %_DEST%\inc%_EXT%\boost\parameter\aux_\python
..\%__SRC%\inc\boost\parameter\* %_DEST%\inc%_EXT%\boost\parameter
..\%__SRC%\inc\boost\pending\* %_DEST%\inc%_EXT%\boost\pending
..\%__SRC%\inc\boost\pending\detail\* %_DEST%\inc%_EXT%\boost\pending\detail
..\%__SRC%\inc\boost\phoenix\* %_DEST%\inc%_EXT%\boost\phoenix
..\%__SRC%\inc\boost\phoenix\bind\* %_DEST%\inc%_EXT%\boost\phoenix\bind
..\%__SRC%\inc\boost\phoenix\bind\detail\* %_DEST%\inc%_EXT%\boost\phoenix\bind\detail
..\%__SRC%\inc\boost\phoenix\bind\preprocessed\* %_DEST%\inc%_EXT%\boost\phoenix\bind\preprocessed
..\%__SRC%\inc\boost\phoenix\core\* %_DEST%\inc%_EXT%\boost\phoenix\core
..\%__SRC%\inc\boost\phoenix\core\preprocessed\* %_DEST%\inc%_EXT%\boost\phoenix\core\preprocessed
..\%__SRC%\inc\boost\phoenix\core\detail\* %_DEST%\inc%_EXT%\boost\phoenix\core\detail
..\%__SRC%\inc\boost\phoenix\core\detail\preprocessed\* %_DEST%\inc%_EXT%\boost\phoenix\core\detail\preprocessed
..\%__SRC%\inc\boost\phoenix\function\* %_DEST%\inc%_EXT%\boost\phoenix\function
..\%__SRC%\inc\boost\phoenix\function\preprocessed\* %_DEST%\inc%_EXT%\boost\phoenix\function\preprocessed
..\%__SRC%\inc\boost\phoenix\function\detail\* %_DEST%\inc%_EXT%\boost\phoenix\function\detail
..\%__SRC%\inc\boost\phoenix\function\detail\preprocessed\* %_DEST%\inc%_EXT%\boost\phoenix\function\detail\preprocessed
..\%__SRC%\inc\boost\phoenix\object\* %_DEST%\inc%_EXT%\boost\phoenix\object
..\%__SRC%\inc\boost\phoenix\object\preprocessed\* %_DEST%\inc%_EXT%\boost\phoenix\object\preprocessed
..\%__SRC%\inc\boost\phoenix\object\detail\* %_DEST%\inc%_EXT%\boost\phoenix\object\detail
..\%__SRC%\inc\boost\phoenix\object\detail\preprocessed\* %_DEST%\inc%_EXT%\boost\phoenix\object\detail\preprocessed
..\%__SRC%\inc\boost\phoenix\operator\* %_DEST%\inc%_EXT%\boost\phoenix\operator
..\%__SRC%\inc\boost\phoenix\operator\preprocessed\* %_DEST%\inc%_EXT%\boost\phoenix\operator\preprocessed
..\%__SRC%\inc\boost\phoenix\operator\detail\* %_DEST%\inc%_EXT%\boost\phoenix\operator\detail
..\%__SRC%\inc\boost\phoenix\operator\detail\preprocessed\* %_DEST%\inc%_EXT%\boost\phoenix\operator\detail\preprocessed
..\%__SRC%\inc\boost\phoenix\scope\* %_DEST%\inc%_EXT%\boost\phoenix\scope
..\%__SRC%\inc\boost\phoenix\scope\preprocessed\* %_DEST%\inc%_EXT%\boost\phoenix\scope\preprocessed
..\%__SRC%\inc\boost\phoenix\scope\detail\* %_DEST%\inc%_EXT%\boost\phoenix\scope\detail
..\%__SRC%\inc\boost\phoenix\scope\detail\preprocessed\* %_DEST%\inc%_EXT%\boost\phoenix\scope\detail\preprocessed
..\%__SRC%\inc\boost\phoenix\statement\* %_DEST%\inc%_EXT%\boost\phoenix\statement
..\%__SRC%\inc\boost\phoenix\statement\preprocessed\* %_DEST%\inc%_EXT%\boost\phoenix\statement\preprocessed
..\%__SRC%\inc\boost\phoenix\statement\detail\* %_DEST%\inc%_EXT%\boost\phoenix\statement\detail
..\%__SRC%\inc\boost\phoenix\statement\detail\preprocessed\* %_DEST%\inc%_EXT%\boost\phoenix\statement\detail\preprocessed
..\%__SRC%\inc\boost\phoenix\stl\* %_DEST%\inc%_EXT%\boost\phoenix\stl
..\%__SRC%\inc\boost\phoenix\stl\preprocessed\* %_DEST%\inc%_EXT%\boost\phoenix\stl\preprocessed
..\%__SRC%\inc\boost\phoenix\stl\detail\* %_DEST%\inc%_EXT%\boost\phoenix\stl\detail
..\%__SRC%\inc\boost\phoenix\stl\detail\preprocessed\* %_DEST%\inc%_EXT%\boost\phoenix\stl\detail\preprocessed
..\%__SRC%\inc\boost\phoenix\support\* %_DEST%\inc%_EXT%\boost\phoenix\support
..\%__SRC%\inc\boost\phoenix\support\preprocessed\* %_DEST%\inc%_EXT%\boost\phoenix\support\preprocessed
..\%__SRC%\inc\boost\phoenix\support\detail\* %_DEST%\inc%_EXT%\boost\phoenix\support\detail
..\%__SRC%\inc\boost\phoenix\support\detail\preprocessed\* %_DEST%\inc%_EXT%\boost\phoenix\support\detail\preprocessed
..\%__SRC%\inc\boost\polygon\* %_DEST%\inc%_EXT%\boost\polygon
..\%__SRC%\inc\boost\polygon\detail\* %_DEST%\inc%_EXT%\boost\polygon\detail
..\%__SRC%\inc\boost\pool\* %_DEST%\inc%_EXT%\boost\pool
..\%__SRC%\inc\boost\pool\detail\* %_DEST%\inc%_EXT%\boost\pool\detail
..\%__SRC%\inc\boost\predef\* %_DEST%\inc%_EXT%\boost\predef
..\%__SRC%\inc\boost\predef\architecture\* %_DEST%\inc%_EXT%\boost\predef\architecture
..\%__SRC%\inc\boost\predef\architecture\x86\* %_DEST%\inc%_EXT%\boost\predef\architecture\x86
..\%__SRC%\inc\boost\predef\detail\* %_DEST%\inc%_EXT%\boost\predef\detail
..\%__SRC%\inc\boost\predef\library\* %_DEST%\inc%_EXT%\boost\predef\library
..\%__SRC%\inc\boost\predef\library\c\* %_DEST%\inc%_EXT%\boost\predef\library\c
..\%__SRC%\inc\boost\predef\os\* %_DEST%\inc%_EXT%\boost\predef\os
..\%__SRC%\inc\boost\predef\os\bsd\* %_DEST%\inc%_EXT%\boost\predef\os\bsd
..\%__SRC%\inc\boost\predef\other\* %_DEST%\inc%_EXT%\boost\predef\other
..\%__SRC%\inc\boost\preprocessor\arithmetic\* %_DEST%\inc%_EXT%\boost\preprocessor\arithmetic
..\%__SRC%\inc\boost\preprocessor\arithmetic\detail\* %_DEST%\inc%_EXT%\boost\preprocessor\arithmetic\detail
..\%__SRC%\inc\boost\preprocessor\array\* %_DEST%\inc%_EXT%\boost\preprocessor\array
..\%__SRC%\inc\boost\preprocessor\comparison\* %_DEST%\inc%_EXT%\boost\preprocessor\comparison
..\%__SRC%\inc\boost\preprocessor\config\* %_DEST%\inc%_EXT%\boost\preprocessor\config
..\%__SRC%\inc\boost\preprocessor\control\* %_DEST%\inc%_EXT%\boost\preprocessor\control
..\%__SRC%\inc\boost\preprocessor\control\detail\* %_DEST%\inc%_EXT%\boost\preprocessor\control\detail
..\%__SRC%\inc\boost\preprocessor\control\detail\dmc\* %_DEST%\inc%_EXT%\boost\preprocessor\control\detail\dmc
..\%__SRC%\inc\boost\preprocessor\control\detail\edg\* %_DEST%\inc%_EXT%\boost\preprocessor\control\detail\edg
..\%__SRC%\inc\boost\preprocessor\control\detail\msvc\* %_DEST%\inc%_EXT%\boost\preprocessor\control\detail\msvc
..\%__SRC%\inc\boost\preprocessor\debug\* %_DEST%\inc%_EXT%\boost\preprocessor\debug
..\%__SRC%\inc\boost\preprocessor\* %_DEST%\inc%_EXT%\boost\preprocessor
..\%__SRC%\inc\boost\preprocessor\detail\* %_DEST%\inc%_EXT%\boost\preprocessor\detail
..\%__SRC%\inc\boost\preprocessor\detail\dmc\* %_DEST%\inc%_EXT%\boost\preprocessor\detail\dmc
..\%__SRC%\inc\boost\preprocessor\facilities\* %_DEST%\inc%_EXT%\boost\preprocessor\facilities
..\%__SRC%\inc\boost\preprocessor\iteration\* %_DEST%\inc%_EXT%\boost\preprocessor\iteration
..\%__SRC%\inc\boost\preprocessor\iteration\detail\bounds\* %_DEST%\inc%_EXT%\boost\preprocessor\iteration\detail\bounds
..\%__SRC%\inc\boost\preprocessor\iteration\detail\* %_DEST%\inc%_EXT%\boost\preprocessor\iteration\detail
..\%__SRC%\inc\boost\preprocessor\iteration\detail\iter\* %_DEST%\inc%_EXT%\boost\preprocessor\iteration\detail\iter
..\%__SRC%\inc\boost\preprocessor\list\* %_DEST%\inc%_EXT%\boost\preprocessor\list
..\%__SRC%\inc\boost\preprocessor\list\detail\* %_DEST%\inc%_EXT%\boost\preprocessor\list\detail
..\%__SRC%\inc\boost\preprocessor\list\detail\dmc\* %_DEST%\inc%_EXT%\boost\preprocessor\list\detail\dmc
..\%__SRC%\inc\boost\preprocessor\list\detail\edg\* %_DEST%\inc%_EXT%\boost\preprocessor\list\detail\edg
..\%__SRC%\inc\boost\preprocessor\logical\* %_DEST%\inc%_EXT%\boost\preprocessor\logical
..\%__SRC%\inc\boost\preprocessor\punctuation\* %_DEST%\inc%_EXT%\boost\preprocessor\punctuation
..\%__SRC%\inc\boost\preprocessor\repetition\* %_DEST%\inc%_EXT%\boost\preprocessor\repetition
..\%__SRC%\inc\boost\preprocessor\repetition\detail\* %_DEST%\inc%_EXT%\boost\preprocessor\repetition\detail
..\%__SRC%\inc\boost\preprocessor\repetition\detail\dmc\* %_DEST%\inc%_EXT%\boost\preprocessor\repetition\detail\dmc
..\%__SRC%\inc\boost\preprocessor\repetition\detail\edg\* %_DEST%\inc%_EXT%\boost\preprocessor\repetition\detail\edg
..\%__SRC%\inc\boost\preprocessor\repetition\detail\msvc\* %_DEST%\inc%_EXT%\boost\preprocessor\repetition\detail\msvc
..\%__SRC%\inc\boost\preprocessor\selection\* %_DEST%\inc%_EXT%\boost\preprocessor\selection
..\%__SRC%\inc\boost\preprocessor\seq\* %_DEST%\inc%_EXT%\boost\preprocessor\seq
..\%__SRC%\inc\boost\preprocessor\seq\detail\* %_DEST%\inc%_EXT%\boost\preprocessor\seq\detail
..\%__SRC%\inc\boost\preprocessor\slot\* %_DEST%\inc%_EXT%\boost\preprocessor\slot
..\%__SRC%\inc\boost\preprocessor\slot\detail\* %_DEST%\inc%_EXT%\boost\preprocessor\slot\detail
..\%__SRC%\inc\boost\preprocessor\tuple\* %_DEST%\inc%_EXT%\boost\preprocessor\tuple
..\%__SRC%\inc\boost\preprocessor\variadic\* %_DEST%\inc%_EXT%\boost\preprocessor\variadic
..\%__SRC%\inc\boost\program_options\* %_DEST%\inc%_EXT%\boost\program_options
..\%__SRC%\inc\boost\program_options\detail\* %_DEST%\inc%_EXT%\boost\program_options\detail
..\%__SRC%\inc\boost\property_map\* %_DEST%\inc%_EXT%\boost\property_map
..\%__SRC%\inc\boost\property_map\parallel\* %_DEST%\inc%_EXT%\boost\property_map\parallel
..\%__SRC%\inc\boost\property_map\parallel\impl\* %_DEST%\inc%_EXT%\boost\property_map\parallel\impl
..\%__SRC%\inc\boost\property_tree\* %_DEST%\inc%_EXT%\boost\property_tree
..\%__SRC%\inc\boost\property_tree\detail\* %_DEST%\inc%_EXT%\boost\property_tree\detail
..\%__SRC%\inc\boost\proto\context\* %_DEST%\inc%_EXT%\boost\proto\context
..\%__SRC%\inc\boost\proto\* %_DEST%\inc%_EXT%\boost\proto
..\%__SRC%\inc\boost\proto\detail\* %_DEST%\inc%_EXT%\boost\proto\detail
..\%__SRC%\inc\boost\proto\functional\* %_DEST%\inc%_EXT%\boost\proto\functional
..\%__SRC%\inc\boost\proto\functional\fusion\* %_DEST%\inc%_EXT%\boost\proto\functional\fusion
..\%__SRC%\inc\boost\proto\functional\std\* %_DEST%\inc%_EXT%\boost\proto\functional\std
..\%__SRC%\inc\boost\proto\transform\* %_DEST%\inc%_EXT%\boost\proto\transform
..\%__SRC%\inc\boost\proto\transform\detail\* %_DEST%\inc%_EXT%\boost\proto\transform\detail
..\%__SRC%\inc\boost\proto\transform\detail\preprocessed\* %_DEST%\inc%_EXT%\boost\proto\transform\detail\preprocessed
..\%__SRC%\inc\boost\ptr_container\* %_DEST%\inc%_EXT%\boost\ptr_container
..\%__SRC%\inc\boost\ptr_container\detail\* %_DEST%\inc%_EXT%\boost\ptr_container\detail
..\%__SRC%\inc\boost\random\* %_DEST%\inc%_EXT%\boost\random
..\%__SRC%\inc\boost\random\detail\* %_DEST%\inc%_EXT%\boost\random\detail
..\%__SRC%\inc\boost\range\adaptor\* %_DEST%\inc%_EXT%\boost\range\adaptor
..\%__SRC%\inc\boost\range\algorithm\* %_DEST%\inc%_EXT%\boost\range\algorithm
..\%__SRC%\inc\boost\range\algorithm_ext\* %_DEST%\inc%_EXT%\boost\range\algorithm_ext
..\%__SRC%\inc\boost\range\* %_DEST%\inc%_EXT%\boost\range
..\%__SRC%\inc\boost\range\detail\* %_DEST%\inc%_EXT%\boost\range\detail
..\%__SRC%\inc\boost\range\detail\vc6\* %_DEST%\inc%_EXT%\boost\range\detail\vc6
..\%__SRC%\inc\boost\ratio\* %_DEST%\inc%_EXT%\boost\ratio
..\%__SRC%\inc\boost\ratio\detail\* %_DEST%\inc%_EXT%\boost\ratio\detail
..\%__SRC%\inc\boost\ratio\mpl\* %_DEST%\inc%_EXT%\boost\ratio\mpl
..\%__SRC%\inc\boost\regex\config\* %_DEST%\inc%_EXT%\boost\regex\config
..\%__SRC%\inc\boost\regex\* %_DEST%\inc%_EXT%\boost\regex
..\%__SRC%\inc\boost\regex\pending\* %_DEST%\inc%_EXT%\boost\regex\pending
..\%__SRC%\inc\boost\regex\v4\* %_DEST%\inc%_EXT%\boost\regex\v4
..\%__SRC%\inc\boost\serialization\* %_DEST%\inc%_EXT%\boost\serialization
..\%__SRC%\inc\boost\serialization\detail\* %_DEST%\inc%_EXT%\boost\serialization\detail
..\%__SRC%\inc\boost\signals2\* %_DEST%\inc%_EXT%\boost\signals2
..\%__SRC%\inc\boost\signals2\detail\* %_DEST%\inc%_EXT%\boost\signals2\detail
..\%__SRC%\inc\boost\smart_ptr\* %_DEST%\inc%_EXT%\boost\smart_ptr
..\%__SRC%\inc\boost\smart_ptr\detail\* %_DEST%\inc%_EXT%\boost\smart_ptr\detail
..\%__SRC%\inc\boost\spirit\actor\* %_DEST%\inc%_EXT%\boost\spirit\actor
..\%__SRC%\inc\boost\spirit\attribute\* %_DEST%\inc%_EXT%\boost\spirit\attribute
..\%__SRC%\inc\boost\spirit\core\composite\* %_DEST%\inc%_EXT%\boost\spirit\core\composite
..\%__SRC%\inc\boost\spirit\core\* %_DEST%\inc%_EXT%\boost\spirit\core
..\%__SRC%\inc\boost\spirit\core\non_terminal\* %_DEST%\inc%_EXT%\boost\spirit\core\non_terminal
..\%__SRC%\inc\boost\spirit\core\primitives\* %_DEST%\inc%_EXT%\boost\spirit\core\primitives
..\%__SRC%\inc\boost\spirit\core\scanner\* %_DEST%\inc%_EXT%\boost\spirit\core\scanner
..\%__SRC%\inc\boost\spirit\debug\* %_DEST%\inc%_EXT%\boost\spirit\debug
..\%__SRC%\inc\boost\spirit\* %_DEST%\inc%_EXT%\boost\spirit
..\%__SRC%\inc\boost\spirit\home\classic\actor\* %_DEST%\inc%_EXT%\boost\spirit\home\classic\actor
..\%__SRC%\inc\boost\spirit\home\classic\attribute\* %_DEST%\inc%_EXT%\boost\spirit\home\classic\attribute
..\%__SRC%\inc\boost\spirit\home\classic\core\composite\* %_DEST%\inc%_EXT%\boost\spirit\home\classic\core\composite
..\%__SRC%\inc\boost\spirit\home\classic\core\composite\impl\* %_DEST%\inc%_EXT%\boost\spirit\home\classic\core\composite\impl
..\%__SRC%\inc\boost\spirit\home\classic\core\* %_DEST%\inc%_EXT%\boost\spirit\home\classic\core
..\%__SRC%\inc\boost\spirit\home\classic\core\impl\* %_DEST%\inc%_EXT%\boost\spirit\home\classic\core\impl
..\%__SRC%\inc\boost\spirit\home\classic\core\non_terminal\* %_DEST%\inc%_EXT%\boost\spirit\home\classic\core\non_terminal
..\%__SRC%\inc\boost\spirit\home\classic\core\non_terminal\impl\* %_DEST%\inc%_EXT%\boost\spirit\home\classic\core\non_terminal\impl
..\%__SRC%\inc\boost\spirit\home\classic\core\primitives\* %_DEST%\inc%_EXT%\boost\spirit\home\classic\core\primitives
..\%__SRC%\inc\boost\spirit\home\classic\core\primitives\impl\* %_DEST%\inc%_EXT%\boost\spirit\home\classic\core\primitives\impl
..\%__SRC%\inc\boost\spirit\home\classic\core\scanner\* %_DEST%\inc%_EXT%\boost\spirit\home\classic\core\scanner
..\%__SRC%\inc\boost\spirit\home\classic\core\scanner\impl\* %_DEST%\inc%_EXT%\boost\spirit\home\classic\core\scanner\impl
..\%__SRC%\inc\boost\spirit\home\classic\debug\* %_DEST%\inc%_EXT%\boost\spirit\home\classic\debug
..\%__SRC%\inc\boost\spirit\home\classic\debug\impl\* %_DEST%\inc%_EXT%\boost\spirit\home\classic\debug\impl
..\%__SRC%\inc\boost\spirit\home\classic\* %_DEST%\inc%_EXT%\boost\spirit\home\classic
..\%__SRC%\inc\boost\spirit\home\classic\dynamic\* %_DEST%\inc%_EXT%\boost\spirit\home\classic\dynamic
..\%__SRC%\inc\boost\spirit\home\classic\dynamic\impl\* %_DEST%\inc%_EXT%\boost\spirit\home\classic\dynamic\impl
..\%__SRC%\inc\boost\spirit\home\classic\error_handling\* %_DEST%\inc%_EXT%\boost\spirit\home\classic\error_handling
..\%__SRC%\inc\boost\spirit\home\classic\error_handling\impl\* %_DEST%\inc%_EXT%\boost\spirit\home\classic\error_handling\impl
..\%__SRC%\inc\boost\spirit\home\classic\iterator\* %_DEST%\inc%_EXT%\boost\spirit\home\classic\iterator
..\%__SRC%\inc\boost\spirit\home\classic\iterator\impl\* %_DEST%\inc%_EXT%\boost\spirit\home\classic\iterator\impl
..\%__SRC%\inc\boost\spirit\home\classic\meta\* %_DEST%\inc%_EXT%\boost\spirit\home\classic\meta
..\%__SRC%\inc\boost\spirit\home\classic\meta\impl\* %_DEST%\inc%_EXT%\boost\spirit\home\classic\meta\impl
..\%__SRC%\inc\boost\spirit\home\classic\phoenix\* %_DEST%\inc%_EXT%\boost\spirit\home\classic\phoenix
..\%__SRC%\inc\boost\spirit\home\classic\symbols\* %_DEST%\inc%_EXT%\boost\spirit\home\classic\symbols
..\%__SRC%\inc\boost\spirit\home\classic\symbols\impl\* %_DEST%\inc%_EXT%\boost\spirit\home\classic\symbols\impl
..\%__SRC%\inc\boost\spirit\home\classic\tree\* %_DEST%\inc%_EXT%\boost\spirit\home\classic\tree
..\%__SRC%\inc\boost\spirit\home\classic\tree\impl\* %_DEST%\inc%_EXT%\boost\spirit\home\classic\tree\impl
..\%__SRC%\inc\boost\spirit\home\classic\utility\* %_DEST%\inc%_EXT%\boost\spirit\home\classic\utility
..\%__SRC%\inc\boost\spirit\home\classic\utility\impl\chset\* %_DEST%\inc%_EXT%\boost\spirit\home\classic\utility\impl\chset
..\%__SRC%\inc\boost\spirit\home\classic\utility\impl\* %_DEST%\inc%_EXT%\boost\spirit\home\classic\utility\impl
..\%__SRC%\inc\boost\spirit\home\* %_DEST%\inc%_EXT%\boost\spirit\home
..\%__SRC%\inc\boost\spirit\home\karma\action\* %_DEST%\inc%_EXT%\boost\spirit\home\karma\action
..\%__SRC%\inc\boost\spirit\home\karma\auto\* %_DEST%\inc%_EXT%\boost\spirit\home\karma\auto
..\%__SRC%\inc\boost\spirit\home\karma\auxiliary\* %_DEST%\inc%_EXT%\boost\spirit\home\karma\auxiliary
..\%__SRC%\inc\boost\spirit\home\karma\binary\* %_DEST%\inc%_EXT%\boost\spirit\home\karma\binary
..\%__SRC%\inc\boost\spirit\home\karma\char\* %_DEST%\inc%_EXT%\boost\spirit\home\karma\char
..\%__SRC%\inc\boost\spirit\home\karma\* %_DEST%\inc%_EXT%\boost\spirit\home\karma
..\%__SRC%\inc\boost\spirit\home\karma\detail\* %_DEST%\inc%_EXT%\boost\spirit\home\karma\detail
..\%__SRC%\inc\boost\spirit\home\karma\directive\* %_DEST%\inc%_EXT%\boost\spirit\home\karma\directive
..\%__SRC%\inc\boost\spirit\home\karma\nonterminal\* %_DEST%\inc%_EXT%\boost\spirit\home\karma\nonterminal
..\%__SRC%\inc\boost\spirit\home\karma\nonterminal\detail\* %_DEST%\inc%_EXT%\boost\spirit\home\karma\nonterminal\detail
..\%__SRC%\inc\boost\spirit\home\karma\numeric\* %_DEST%\inc%_EXT%\boost\spirit\home\karma\numeric
..\%__SRC%\inc\boost\spirit\home\karma\numeric\detail\* %_DEST%\inc%_EXT%\boost\spirit\home\karma\numeric\detail
..\%__SRC%\inc\boost\spirit\home\karma\operator\* %_DEST%\inc%_EXT%\boost\spirit\home\karma\operator
..\%__SRC%\inc\boost\spirit\home\karma\stream\* %_DEST%\inc%_EXT%\boost\spirit\home\karma\stream
..\%__SRC%\inc\boost\spirit\home\karma\stream\detail\* %_DEST%\inc%_EXT%\boost\spirit\home\karma\stream\detail
..\%__SRC%\inc\boost\spirit\home\karma\string\* %_DEST%\inc%_EXT%\boost\spirit\home\karma\string
..\%__SRC%\inc\boost\spirit\home\lex\* %_DEST%\inc%_EXT%\boost\spirit\home\lex
..\%__SRC%\inc\boost\spirit\home\lex\detail\* %_DEST%\inc%_EXT%\boost\spirit\home\lex\detail
..\%__SRC%\inc\boost\spirit\home\lex\lexer\* %_DEST%\inc%_EXT%\boost\spirit\home\lex\lexer
..\%__SRC%\inc\boost\spirit\home\lex\lexer\lexertl\* %_DEST%\inc%_EXT%\boost\spirit\home\lex\lexer\lexertl
..\%__SRC%\inc\boost\spirit\home\lex\qi\* %_DEST%\inc%_EXT%\boost\spirit\home\lex\qi
..\%__SRC%\inc\boost\spirit\home\phoenix\bind\* %_DEST%\inc%_EXT%\boost\spirit\home\phoenix\bind
..\%__SRC%\inc\boost\spirit\home\phoenix\bind\detail\* %_DEST%\inc%_EXT%\boost\spirit\home\phoenix\bind\detail
..\%__SRC%\inc\boost\spirit\home\phoenix\core\* %_DEST%\inc%_EXT%\boost\spirit\home\phoenix\core
..\%__SRC%\inc\boost\spirit\home\phoenix\core\detail\* %_DEST%\inc%_EXT%\boost\spirit\home\phoenix\core\detail
..\%__SRC%\inc\boost\spirit\home\phoenix\* %_DEST%\inc%_EXT%\boost\spirit\home\phoenix
..\%__SRC%\inc\boost\spirit\home\phoenix\detail\* %_DEST%\inc%_EXT%\boost\spirit\home\phoenix\detail
..\%__SRC%\inc\boost\spirit\home\phoenix\function\* %_DEST%\inc%_EXT%\boost\spirit\home\phoenix\function
..\%__SRC%\inc\boost\spirit\home\phoenix\function\detail\* %_DEST%\inc%_EXT%\boost\spirit\home\phoenix\function\detail
..\%__SRC%\inc\boost\spirit\home\phoenix\fusion\* %_DEST%\inc%_EXT%\boost\spirit\home\phoenix\fusion
..\%__SRC%\inc\boost\spirit\home\phoenix\object\* %_DEST%\inc%_EXT%\boost\spirit\home\phoenix\object
..\%__SRC%\inc\boost\spirit\home\phoenix\object\detail\* %_DEST%\inc%_EXT%\boost\spirit\home\phoenix\object\detail
..\%__SRC%\inc\boost\spirit\home\phoenix\operator\* %_DEST%\inc%_EXT%\boost\spirit\home\phoenix\operator
..\%__SRC%\inc\boost\spirit\home\phoenix\operator\detail\* %_DEST%\inc%_EXT%\boost\spirit\home\phoenix\operator\detail
..\%__SRC%\inc\boost\spirit\home\phoenix\scope\* %_DEST%\inc%_EXT%\boost\spirit\home\phoenix\scope
..\%__SRC%\inc\boost\spirit\home\phoenix\scope\detail\* %_DEST%\inc%_EXT%\boost\spirit\home\phoenix\scope\detail
..\%__SRC%\inc\boost\spirit\home\phoenix\statement\* %_DEST%\inc%_EXT%\boost\spirit\home\phoenix\statement
..\%__SRC%\inc\boost\spirit\home\phoenix\statement\detail\* %_DEST%\inc%_EXT%\boost\spirit\home\phoenix\statement\detail
..\%__SRC%\inc\boost\spirit\home\phoenix\stl\algorithm\* %_DEST%\inc%_EXT%\boost\spirit\home\phoenix\stl\algorithm
..\%__SRC%\inc\boost\spirit\home\phoenix\stl\algorithm\detail\* %_DEST%\inc%_EXT%\boost\spirit\home\phoenix\stl\algorithm\detail
..\%__SRC%\inc\boost\spirit\home\phoenix\stl\container\* %_DEST%\inc%_EXT%\boost\spirit\home\phoenix\stl\container
..\%__SRC%\inc\boost\spirit\home\phoenix\stl\container\detail\* %_DEST%\inc%_EXT%\boost\spirit\home\phoenix\stl\container\detail
..\%__SRC%\inc\boost\spirit\home\phoenix\stl\* %_DEST%\inc%_EXT%\boost\spirit\home\phoenix\stl
..\%__SRC%\inc\boost\spirit\home\qi\action\* %_DEST%\inc%_EXT%\boost\spirit\home\qi\action
..\%__SRC%\inc\boost\spirit\home\qi\auto\* %_DEST%\inc%_EXT%\boost\spirit\home\qi\auto
..\%__SRC%\inc\boost\spirit\home\qi\auxiliary\* %_DEST%\inc%_EXT%\boost\spirit\home\qi\auxiliary
..\%__SRC%\inc\boost\spirit\home\qi\binary\* %_DEST%\inc%_EXT%\boost\spirit\home\qi\binary
..\%__SRC%\inc\boost\spirit\home\qi\char\* %_DEST%\inc%_EXT%\boost\spirit\home\qi\char
..\%__SRC%\inc\boost\spirit\home\qi\* %_DEST%\inc%_EXT%\boost\spirit\home\qi
..\%__SRC%\inc\boost\spirit\home\qi\detail\* %_DEST%\inc%_EXT%\boost\spirit\home\qi\detail
..\%__SRC%\inc\boost\spirit\home\qi\directive\* %_DEST%\inc%_EXT%\boost\spirit\home\qi\directive
..\%__SRC%\inc\boost\spirit\home\qi\nonterminal\* %_DEST%\inc%_EXT%\boost\spirit\home\qi\nonterminal
..\%__SRC%\inc\boost\spirit\home\qi\nonterminal\detail\* %_DEST%\inc%_EXT%\boost\spirit\home\qi\nonterminal\detail
..\%__SRC%\inc\boost\spirit\home\qi\numeric\* %_DEST%\inc%_EXT%\boost\spirit\home\qi\numeric
..\%__SRC%\inc\boost\spirit\home\qi\numeric\detail\* %_DEST%\inc%_EXT%\boost\spirit\home\qi\numeric\detail
..\%__SRC%\inc\boost\spirit\home\qi\operator\* %_DEST%\inc%_EXT%\boost\spirit\home\qi\operator
..\%__SRC%\inc\boost\spirit\home\qi\stream\* %_DEST%\inc%_EXT%\boost\spirit\home\qi\stream
..\%__SRC%\inc\boost\spirit\home\qi\stream\detail\* %_DEST%\inc%_EXT%\boost\spirit\home\qi\stream\detail
..\%__SRC%\inc\boost\spirit\home\qi\string\* %_DEST%\inc%_EXT%\boost\spirit\home\qi\string
..\%__SRC%\inc\boost\spirit\home\qi\string\detail\* %_DEST%\inc%_EXT%\boost\spirit\home\qi\string\detail
..\%__SRC%\inc\boost\spirit\home\support\algorithm\* %_DEST%\inc%_EXT%\boost\spirit\home\support\algorithm
..\%__SRC%\inc\boost\spirit\home\support\auto\* %_DEST%\inc%_EXT%\boost\spirit\home\support\auto
..\%__SRC%\inc\boost\spirit\home\support\auxiliary\* %_DEST%\inc%_EXT%\boost\spirit\home\support\auxiliary
..\%__SRC%\inc\boost\spirit\home\support\char_encoding\* %_DEST%\inc%_EXT%\boost\spirit\home\support\char_encoding
..\%__SRC%\inc\boost\spirit\home\support\char_encoding\unicode\* %_DEST%\inc%_EXT%\boost\spirit\home\support\char_encoding\unicode
..\%__SRC%\inc\boost\spirit\home\support\char_set\* %_DEST%\inc%_EXT%\boost\spirit\home\support\char_set
..\%__SRC%\inc\boost\spirit\home\support\* %_DEST%\inc%_EXT%\boost\spirit\home\support
..\%__SRC%\inc\boost\spirit\home\support\detail\* %_DEST%\inc%_EXT%\boost\spirit\home\support\detail
..\%__SRC%\inc\boost\spirit\home\support\detail\integer\* %_DEST%\inc%_EXT%\boost\spirit\home\support\detail\integer
..\%__SRC%\inc\boost\spirit\home\support\detail\lexer\containers\* %_DEST%\inc%_EXT%\boost\spirit\home\support\detail\lexer\containers
..\%__SRC%\inc\boost\spirit\home\support\detail\lexer\conversion\* %_DEST%\inc%_EXT%\boost\spirit\home\support\detail\lexer\conversion
..\%__SRC%\inc\boost\spirit\home\support\detail\lexer\* %_DEST%\inc%_EXT%\boost\spirit\home\support\detail\lexer
..\%__SRC%\inc\boost\spirit\home\support\detail\lexer\parser\* %_DEST%\inc%_EXT%\boost\spirit\home\support\detail\lexer\parser
..\%__SRC%\inc\boost\spirit\home\support\detail\lexer\parser\tokeniser\* %_DEST%\inc%_EXT%\boost\spirit\home\support\detail\lexer\parser\tokeniser
..\%__SRC%\inc\boost\spirit\home\support\detail\lexer\parser\tree\* %_DEST%\inc%_EXT%\boost\spirit\home\support\detail\lexer\parser\tree
..\%__SRC%\inc\boost\spirit\home\support\detail\lexer\partition\* %_DEST%\inc%_EXT%\boost\spirit\home\support\detail\lexer\partition
..\%__SRC%\inc\boost\spirit\home\support\detail\math\* %_DEST%\inc%_EXT%\boost\spirit\home\support\detail\math
..\%__SRC%\inc\boost\spirit\home\support\detail\math\detail\* %_DEST%\inc%_EXT%\boost\spirit\home\support\detail\math\detail
..\%__SRC%\inc\boost\spirit\home\support\iterators\* %_DEST%\inc%_EXT%\boost\spirit\home\support\iterators
..\%__SRC%\inc\boost\spirit\home\support\iterators\detail\* %_DEST%\inc%_EXT%\boost\spirit\home\support\iterators\detail
..\%__SRC%\inc\boost\spirit\home\support\nonterminal\* %_DEST%\inc%_EXT%\boost\spirit\home\support\nonterminal
..\%__SRC%\inc\boost\spirit\include\* %_DEST%\inc%_EXT%\boost\spirit\include
..\%__SRC%\inc\boost\spirit\iterator\* %_DEST%\inc%_EXT%\boost\spirit\iterator
..\%__SRC%\inc\boost\spirit\meta\* %_DEST%\inc%_EXT%\boost\spirit\meta
..\%__SRC%\inc\boost\spirit\phoenix\* %_DEST%\inc%_EXT%\boost\spirit\phoenix
..\%__SRC%\inc\boost\spirit\repository\home\* %_DEST%\inc%_EXT%\boost\spirit\repository\home
..\%__SRC%\inc\boost\spirit\repository\home\karma\* %_DEST%\inc%_EXT%\boost\spirit\repository\home\karma
..\%__SRC%\inc\boost\spirit\repository\home\karma\directive\* %_DEST%\inc%_EXT%\boost\spirit\repository\home\karma\directive
..\%__SRC%\inc\boost\spirit\repository\home\karma\nonterminal\* %_DEST%\inc%_EXT%\boost\spirit\repository\home\karma\nonterminal
..\%__SRC%\inc\boost\spirit\repository\home\qi\* %_DEST%\inc%_EXT%\boost\spirit\repository\home\qi
..\%__SRC%\inc\boost\spirit\repository\home\qi\directive\* %_DEST%\inc%_EXT%\boost\spirit\repository\home\qi\directive
..\%__SRC%\inc\boost\spirit\repository\home\qi\nonterminal\* %_DEST%\inc%_EXT%\boost\spirit\repository\home\qi\nonterminal
..\%__SRC%\inc\boost\spirit\repository\home\qi\primitive\* %_DEST%\inc%_EXT%\boost\spirit\repository\home\qi\primitive
..\%__SRC%\inc\boost\spirit\repository\home\support\* %_DEST%\inc%_EXT%\boost\spirit\repository\home\support
..\%__SRC%\inc\boost\spirit\repository\include\* %_DEST%\inc%_EXT%\boost\spirit\repository\include
..\%__SRC%\inc\boost\spirit\symbols\* %_DEST%\inc%_EXT%\boost\spirit\symbols
..\%__SRC%\inc\boost\spirit\tree\* %_DEST%\inc%_EXT%\boost\spirit\tree
..\%__SRC%\inc\boost\spirit\utility\* %_DEST%\inc%_EXT%\boost\spirit\utility
..\%__SRC%\inc\boost\statechart\* %_DEST%\inc%_EXT%\boost\statechart
..\%__SRC%\inc\boost\statechart\detail\* %_DEST%\inc%_EXT%\boost\statechart\detail
..\%__SRC%\inc\boost\system\* %_DEST%\inc%_EXT%\boost\system
..\%__SRC%\inc\boost\test\* %_DEST%\inc%_EXT%\boost\test
..\%__SRC%\inc\boost\test\detail\* %_DEST%\inc%_EXT%\boost\test\detail
..\%__SRC%\inc\boost\test\impl\* %_DEST%\inc%_EXT%\boost\test\impl
..\%__SRC%\inc\boost\test\included\* %_DEST%\inc%_EXT%\boost\test\included
..\%__SRC%\inc\boost\test\output\* %_DEST%\inc%_EXT%\boost\test\output
..\%__SRC%\inc\boost\test\utils\basic_cstring\* %_DEST%\inc%_EXT%\boost\test\utils\basic_cstring
..\%__SRC%\inc\boost\test\utils\* %_DEST%\inc%_EXT%\boost\test\utils
..\%__SRC%\inc\boost\test\utils\iterator\* %_DEST%\inc%_EXT%\boost\test\utils\iterator
..\%__SRC%\inc\boost\test\utils\runtime\cla\* %_DEST%\inc%_EXT%\boost\test\utils\runtime\cla
..\%__SRC%\inc\boost\test\utils\runtime\cla\detail\* %_DEST%\inc%_EXT%\boost\test\utils\runtime\cla\detail
..\%__SRC%\inc\boost\test\utils\runtime\cla\iface\* %_DEST%\inc%_EXT%\boost\test\utils\runtime\cla\iface
..\%__SRC%\inc\boost\test\utils\runtime\* %_DEST%\inc%_EXT%\boost\test\utils\runtime
..\%__SRC%\inc\boost\test\utils\runtime\env\* %_DEST%\inc%_EXT%\boost\test\utils\runtime\env
..\%__SRC%\inc\boost\test\utils\runtime\file\* %_DEST%\inc%_EXT%\boost\test\utils\runtime\file
..\%__SRC%\inc\boost\thread\* %_DEST%\inc%_EXT%\boost\thread
..\%__SRC%\inc\boost\thread\detail\* %_DEST%\inc%_EXT%\boost\thread\detail
..\%__SRC%\inc\boost\thread\pthread\* %_DEST%\inc%_EXT%\boost\thread\pthread
..\%__SRC%\inc\boost\thread\win32\* %_DEST%\inc%_EXT%\boost\thread\win32
..\%__SRC%\inc\boost\tuple\* %_DEST%\inc%_EXT%\boost\tuple
..\%__SRC%\inc\boost\tuple\detail\* %_DEST%\inc%_EXT%\boost\tuple\detail
..\%__SRC%\inc\boost\type_index\* %_DEST%\inc%_EXT%\boost\type_index
..\%__SRC%\inc\boost\type_index\detail\* %_DEST%\inc%_EXT%\boost\type_index\detail
..\%__SRC%\inc\boost\type_index\runtime_cast\* %_DEST%\inc%_EXT%\boost\type_index\runtime_cast
..\%__SRC%\inc\boost\type_index\runtime_cast\detail\* %_DEST%\inc%_EXT%\boost\type_index\runtime_cast\detail
..\%__SRC%\inc\boost\type_traits\* %_DEST%\inc%_EXT%\boost\type_traits
..\%__SRC%\inc\boost\type_traits\detail\* %_DEST%\inc%_EXT%\boost\type_traits\detail
..\%__SRC%\inc\boost\type_traits\msvc\* %_DEST%\inc%_EXT%\boost\type_traits\msvc
..\%__SRC%\inc\boost\typeof\* %_DEST%\inc%_EXT%\boost\typeof
..\%__SRC%\inc\boost\typeof\dmc\* %_DEST%\inc%_EXT%\boost\typeof\dmc
..\%__SRC%\inc\boost\typeof\msvc\* %_DEST%\inc%_EXT%\boost\typeof\msvc
..\%__SRC%\inc\boost\typeof\std\* %_DEST%\inc%_EXT%\boost\typeof\std
..\%__SRC%\inc\boost\units\base_units\angle\* %_DEST%\inc%_EXT%\boost\units\base_units\angle
..\%__SRC%\inc\boost\units\base_units\astronomical\* %_DEST%\inc%_EXT%\boost\units\base_units\astronomical
..\%__SRC%\inc\boost\units\base_units\cgs\* %_DEST%\inc%_EXT%\boost\units\base_units\cgs
..\%__SRC%\inc\boost\units\base_units\imperial\* %_DEST%\inc%_EXT%\boost\units\base_units\imperial
..\%__SRC%\inc\boost\units\base_units\metric\* %_DEST%\inc%_EXT%\boost\units\base_units\metric
..\%__SRC%\inc\boost\units\base_units\si\* %_DEST%\inc%_EXT%\boost\units\base_units\si
..\%__SRC%\inc\boost\units\base_units\temperature\* %_DEST%\inc%_EXT%\boost\units\base_units\temperature
..\%__SRC%\inc\boost\units\base_units\us\* %_DEST%\inc%_EXT%\boost\units\base_units\us
..\%__SRC%\inc\boost\units\* %_DEST%\inc%_EXT%\boost\units
..\%__SRC%\inc\boost\units\detail\* %_DEST%\inc%_EXT%\boost\units\detail
..\%__SRC%\inc\boost\units\physical_dimensions\* %_DEST%\inc%_EXT%\boost\units\physical_dimensions
..\%__SRC%\inc\boost\units\systems\angle\* %_DEST%\inc%_EXT%\boost\units\systems\angle
..\%__SRC%\inc\boost\units\systems\cgs\* %_DEST%\inc%_EXT%\boost\units\systems\cgs
..\%__SRC%\inc\boost\units\systems\* %_DEST%\inc%_EXT%\boost\units\systems
..\%__SRC%\inc\boost\units\systems\detail\* %_DEST%\inc%_EXT%\boost\units\systems\detail
..\%__SRC%\inc\boost\units\systems\si\codata\* %_DEST%\inc%_EXT%\boost\units\systems\si\codata
..\%__SRC%\inc\boost\units\systems\si\* %_DEST%\inc%_EXT%\boost\units\systems\si
..\%__SRC%\inc\boost\units\systems\temperature\* %_DEST%\inc%_EXT%\boost\units\systems\temperature
..\%__SRC%\inc\boost\unordered\* %_DEST%\inc%_EXT%\boost\unordered
..\%__SRC%\inc\boost\unordered\detail\* %_DEST%\inc%_EXT%\boost\unordered\detail
..\%__SRC%\inc\boost\utility\* %_DEST%\inc%_EXT%\boost\utility
..\%__SRC%\inc\boost\utility\detail\* %_DEST%\inc%_EXT%\boost\utility\detail
..\%__SRC%\inc\boost\uuid\* %_DEST%\inc%_EXT%\boost\uuid
..\%__SRC%\inc\boost\variant\* %_DEST%\inc%_EXT%\boost\variant
..\%__SRC%\inc\boost\variant\detail\* %_DEST%\inc%_EXT%\boost\variant\detail
..\%__SRC%\inc\boost\lambda\* %_DEST%\inc%_EXT%\boost\lambda
..\%__SRC%\inc\boost\lambda\detail\* %_DEST%\inc%_EXT%\boost\lambda\detail
..\%__SRC%\inc\boost\wave\cpplexer\* %_DEST%\inc%_EXT%\boost\wave\cpplexer
..\%__SRC%\inc\boost\wave\cpplexer\re2clex\* %_DEST%\inc%_EXT%\boost\wave\cpplexer\re2clex
..\%__SRC%\inc\boost\wave\* %_DEST%\inc%_EXT%\boost\wave
..\%__SRC%\inc\boost\wave\grammars\* %_DEST%\inc%_EXT%\boost\wave\grammars
..\%__SRC%\inc\boost\wave\util\* %_DEST%\inc%_EXT%\boost\wave\util
..\%__SRC%\inc\boost\xpressive\* %_DEST%\inc%_EXT%\boost\xpressive
..\%__SRC%\inc\boost\xpressive\detail\core\* %_DEST%\inc%_EXT%\boost\xpressive\detail\core
..\%__SRC%\inc\boost\xpressive\detail\core\matcher\* %_DEST%\inc%_EXT%\boost\xpressive\detail\core\matcher
..\%__SRC%\inc\boost\xpressive\detail\* %_DEST%\inc%_EXT%\boost\xpressive\detail
..\%__SRC%\inc\boost\xpressive\detail\dynamic\* %_DEST%\inc%_EXT%\boost\xpressive\detail\dynamic
..\%__SRC%\inc\boost\xpressive\detail\static\* %_DEST%\inc%_EXT%\boost\xpressive\detail\static
..\%__SRC%\inc\boost\xpressive\detail\static\transforms\* %_DEST%\inc%_EXT%\boost\xpressive\detail\static\transforms
..\%__SRC%\inc\boost\xpressive\detail\utility\chset\* %_DEST%\inc%_EXT%\boost\xpressive\detail\utility\chset
..\%__SRC%\inc\boost\xpressive\detail\utility\* %_DEST%\inc%_EXT%\boost\xpressive\detail\utility
..\%__SRC%\inc\boost\xpressive\traits\* %_DEST%\inc%_EXT%\boost\xpressive\traits
..\%__SRC%\inc\boost\xpressive\traits\detail\* %_DEST%\inc%_EXT%\boost\xpressive\traits\detail
..\%__SRC%\inc\boost\algorithm\cxx11\* %_DEST%\inc%_EXT%\boost\algorithm\cxx11
..\%__SRC%\inc\boost\algorithm\cxx14\* %_DEST%\inc%_EXT%\boost\algorithm\cxx14
..\%__SRC%\inc\boost\algorithm\cxx17\* %_DEST%\inc%_EXT%\boost\algorithm\cxx17
..\%__SRC%\inc\boost\algorithm\searching\* %_DEST%\inc%_EXT%\boost\algorithm\searching
..\%__SRC%\inc\boost\algorithm\searching\detail\* %_DEST%\inc%_EXT%\boost\algorithm\searching\detail
..\%__SRC%\inc\boost\asio\execution\* %_DEST%\inc%_EXT%\boost\asio\execution
..\%__SRC%\inc\boost\asio\execution\impl\* %_DEST%\inc%_EXT%\boost\asio\execution\impl
..\%__SRC%\inc\boost\asio\experimental\* %_DEST%\inc%_EXT%\boost\asio\experimental
..\%__SRC%\inc\boost\asio\experimental\detail\* %_DEST%\inc%_EXT%\boost\asio\experimental\detail
..\%__SRC%\inc\boost\asio\experimental\detail\impl\* %_DEST%\inc%_EXT%\boost\asio\experimental\detail\impl
..\%__SRC%\inc\boost\asio\experimental\impl\* %_DEST%\inc%_EXT%\boost\asio\experimental\impl
..\%__SRC%\inc\boost\asio\generic\* %_DEST%\inc%_EXT%\boost\asio\generic
..\%__SRC%\inc\boost\asio\generic\detail\* %_DEST%\inc%_EXT%\boost\asio\generic\detail
..\%__SRC%\inc\boost\asio\generic\detail\impl\* %_DEST%\inc%_EXT%\boost\asio\generic\detail\impl
..\%__SRC%\inc\boost\asio\ssl\impl\* %_DEST%\inc%_EXT%\boost\asio\ssl\impl
..\%__SRC%\inc\boost\asio\traits\* %_DEST%\inc%_EXT%\boost\asio\traits
..\%__SRC%\inc\boost\asio\ts\* %_DEST%\inc%_EXT%\boost\asio\ts
..\%__SRC%\inc\boost\atomic\detail\type_traits\* %_DEST%\inc%_EXT%\boost\atomic\detail\type_traits
..\%__SRC%\inc\boost\bind\detail\* %_DEST%\inc%_EXT%\boost\bind\detail
..\%__SRC%\inc\boost\chrono\detail\no_warning\* %_DEST%\inc%_EXT%\boost\chrono\detail\no_warning
..\%__SRC%\inc\boost\chrono\io\* %_DEST%\inc%_EXT%\boost\chrono\io
..\%__SRC%\inc\boost\chrono\io\utility\* %_DEST%\inc%_EXT%\boost\chrono\io\utility
..\%__SRC%\inc\boost\chrono\io_v1\* %_DEST%\inc%_EXT%\boost\chrono\io_v1
..\%__SRC%\inc\boost\chrono\typeof\boost\* %_DEST%\inc%_EXT%\boost\chrono\typeof\boost
..\%__SRC%\inc\boost\chrono\typeof\boost\chrono\* %_DEST%\inc%_EXT%\boost\chrono\typeof\boost\chrono
..\%__SRC%\inc\boost\config\detail\* %_DEST%\inc%_EXT%\boost\config\detail
..\%__SRC%\inc\boost\container\detail\* %_DEST%\inc%_EXT%\boost\container\detail
..\%__SRC%\inc\boost\container\pmr\* %_DEST%\inc%_EXT%\boost\container\pmr
..\%__SRC%\inc\boost\coroutine\posix\* %_DEST%\inc%_EXT%\boost\coroutine\posix
..\%__SRC%\inc\boost\coroutine\windows\* %_DEST%\inc%_EXT%\boost\coroutine\windows
..\%__SRC%\inc\boost\detail\winapi\* %_DEST%\inc%_EXT%\boost\detail\winapi
..\%__SRC%\inc\boost\detail\winapi\detail\* %_DEST%\inc%_EXT%\boost\detail\winapi\detail
..\%__SRC%\inc\boost\dynamic_bitset\detail\* %_DEST%\inc%_EXT%\boost\dynamic_bitset\detail
..\%__SRC%\inc\boost\functional\overloaded_function\* %_DEST%\inc%_EXT%\boost\functional\overloaded_function
..\%__SRC%\inc\boost\functional\overloaded_function\detail\* %_DEST%\inc%_EXT%\boost\functional\overloaded_function\detail
..\%__SRC%\inc\boost\fusion\adapted\adt\detail\* %_DEST%\inc%_EXT%\boost\fusion\adapted\adt\detail
..\%__SRC%\inc\boost\fusion\adapted\boost_tuple\mpl\* %_DEST%\inc%_EXT%\boost\fusion\adapted\boost_tuple\mpl
..\%__SRC%\inc\boost\fusion\adapted\std_array\* %_DEST%\inc%_EXT%\boost\fusion\adapted\std_array
..\%__SRC%\inc\boost\fusion\adapted\std_array\detail\* %_DEST%\inc%_EXT%\boost\fusion\adapted\std_array\detail
..\%__SRC%\inc\boost\fusion\adapted\std_tuple\mpl\* %_DEST%\inc%_EXT%\boost\fusion\adapted\std_tuple\mpl
..\%__SRC%\inc\boost\fusion\adapted\struct\detail\preprocessor\* %_DEST%\inc%_EXT%\boost\fusion\adapted\struct\detail\preprocessor
..\%__SRC%\inc\boost\fusion\algorithm\auxiliary\* %_DEST%\inc%_EXT%\boost\fusion\algorithm\auxiliary
..\%__SRC%\inc\boost\fusion\algorithm\iteration\detail\preprocessed\* %_DEST%\inc%_EXT%\boost\fusion\algorithm\iteration\detail\preprocessed
..\%__SRC%\inc\boost\fusion\algorithm\transformation\detail\preprocessed\* %_DEST%\inc%_EXT%\boost\fusion\algorithm\transformation\detail\preprocessed
..\%__SRC%\inc\boost\fusion\container\deque\detail\cpp03\* %_DEST%\inc%_EXT%\boost\fusion\container\deque\detail\cpp03
..\%__SRC%\inc\boost\fusion\container\deque\detail\cpp03\preprocessed\* %_DEST%\inc%_EXT%\boost\fusion\container\deque\detail\cpp03\preprocessed
..\%__SRC%\inc\boost\fusion\container\generation\detail\* %_DEST%\inc%_EXT%\boost\fusion\container\generation\detail
..\%__SRC%\inc\boost\fusion\container\list\detail\cpp03\* %_DEST%\inc%_EXT%\boost\fusion\container\list\detail\cpp03
..\%__SRC%\inc\boost\fusion\container\list\detail\cpp03\preprocessed\* %_DEST%\inc%_EXT%\boost\fusion\container\list\detail\cpp03\preprocessed
..\%__SRC%\inc\boost\fusion\container\map\detail\cpp03\* %_DEST%\inc%_EXT%\boost\fusion\container\map\detail\cpp03
..\%__SRC%\inc\boost\fusion\container\map\detail\cpp03\preprocessed\* %_DEST%\inc%_EXT%\boost\fusion\container\map\detail\cpp03\preprocessed
..\%__SRC%\inc\boost\fusion\container\set\detail\cpp03\* %_DEST%\inc%_EXT%\boost\fusion\container\set\detail\cpp03
..\%__SRC%\inc\boost\fusion\container\set\detail\cpp03\preprocessed\* %_DEST%\inc%_EXT%\boost\fusion\container\set\detail\cpp03\preprocessed
..\%__SRC%\inc\boost\fusion\container\vector\detail\cpp03\* %_DEST%\inc%_EXT%\boost\fusion\container\vector\detail\cpp03
..\%__SRC%\inc\boost\fusion\container\vector\detail\cpp03\preprocessed\* %_DEST%\inc%_EXT%\boost\fusion\container\vector\detail\cpp03\preprocessed
..\%__SRC%\inc\boost\fusion\sequence\intrinsic\detail\* %_DEST%\inc%_EXT%\boost\fusion\sequence\intrinsic\detail
..\%__SRC%\inc\boost\fusion\tuple\detail\preprocessed\* %_DEST%\inc%_EXT%\boost\fusion\tuple\detail\preprocessed
..\%__SRC%\inc\boost\fusion\view\flatten_view\* %_DEST%\inc%_EXT%\boost\fusion\view\flatten_view
..\%__SRC%\inc\boost\fusion\view\identity_view\* %_DEST%\inc%_EXT%\boost\fusion\view\identity_view
..\%__SRC%\inc\boost\fusion\view\nview\detail\cpp03\* %_DEST%\inc%_EXT%\boost\fusion\view\nview\detail\cpp03
..\%__SRC%\inc\boost\geometry\* %_DEST%\inc%_EXT%\boost\geometry
..\%__SRC%\inc\boost\geometry\algorithms\detail\buffer\* %_DEST%\inc%_EXT%\boost\geometry\algorithms\detail\buffer
..\%__SRC%\inc\boost\geometry\algorithms\detail\centroid\* %_DEST%\inc%_EXT%\boost\geometry\algorithms\detail\centroid
..\%__SRC%\inc\boost\geometry\algorithms\detail\closest_feature\* %_DEST%\inc%_EXT%\boost\geometry\algorithms\detail\closest_feature
..\%__SRC%\inc\boost\geometry\algorithms\detail\closest_points\* %_DEST%\inc%_EXT%\boost\geometry\algorithms\detail\closest_points
..\%__SRC%\inc\boost\geometry\algorithms\detail\comparable_distance\* %_DEST%\inc%_EXT%\boost\geometry\algorithms\detail\comparable_distance
..\%__SRC%\inc\boost\geometry\algorithms\detail\convex_hull\* %_DEST%\inc%_EXT%\boost\geometry\algorithms\detail\convex_hull
..\%__SRC%\inc\boost\geometry\algorithms\detail\covered_by\* %_DEST%\inc%_EXT%\boost\geometry\algorithms\detail\covered_by
..\%__SRC%\inc\boost\geometry\algorithms\detail\disjoint\* %_DEST%\inc%_EXT%\boost\geometry\algorithms\detail\disjoint
..\%__SRC%\inc\boost\geometry\algorithms\detail\distance\* %_DEST%\inc%_EXT%\boost\geometry\algorithms\detail\distance
..\%__SRC%\inc\boost\geometry\algorithms\detail\envelope\* %_DEST%\inc%_EXT%\boost\geometry\algorithms\detail\envelope
..\%__SRC%\inc\boost\geometry\algorithms\detail\equals\* %_DEST%\inc%_EXT%\boost\geometry\algorithms\detail\equals
..\%__SRC%\inc\boost\geometry\algorithms\detail\expand\* %_DEST%\inc%_EXT%\boost\geometry\algorithms\detail\expand
..\%__SRC%\inc\boost\geometry\algorithms\detail\intersection\* %_DEST%\inc%_EXT%\boost\geometry\algorithms\detail\intersection
..\%__SRC%\inc\boost\geometry\algorithms\detail\intersects\* %_DEST%\inc%_EXT%\boost\geometry\algorithms\detail\intersects
..\%__SRC%\inc\boost\geometry\algorithms\detail\is_simple\* %_DEST%\inc%_EXT%\boost\geometry\algorithms\detail\is_simple
..\%__SRC%\inc\boost\geometry\algorithms\detail\is_valid\* %_DEST%\inc%_EXT%\boost\geometry\algorithms\detail\is_valid
..\%__SRC%\inc\boost\geometry\algorithms\detail\make\* %_DEST%\inc%_EXT%\boost\geometry\algorithms\detail\make
..\%__SRC%\inc\boost\geometry\algorithms\detail\overlaps\* %_DEST%\inc%_EXT%\boost\geometry\algorithms\detail\overlaps
..\%__SRC%\inc\boost\geometry\algorithms\detail\relate\* %_DEST%\inc%_EXT%\boost\geometry\algorithms\detail\relate
..\%__SRC%\inc\boost\geometry\algorithms\detail\relation\* %_DEST%\inc%_EXT%\boost\geometry\algorithms\detail\relation
..\%__SRC%\inc\boost\geometry\algorithms\detail\touches\* %_DEST%\inc%_EXT%\boost\geometry\algorithms\detail\touches
..\%__SRC%\inc\boost\geometry\algorithms\detail\turns\* %_DEST%\inc%_EXT%\boost\geometry\algorithms\detail\turns
..\%__SRC%\inc\boost\geometry\algorithms\detail\within\* %_DEST%\inc%_EXT%\boost\geometry\algorithms\detail\within
..\%__SRC%\inc\boost\geometry\algorithms\dispatch\* %_DEST%\inc%_EXT%\boost\geometry\algorithms\dispatch
..\%__SRC%\inc\boost\geometry\formulas\* %_DEST%\inc%_EXT%\boost\geometry\formulas
..\%__SRC%\inc\boost\geometry\geometries\adapted\boost_polygon\* %_DEST%\inc%_EXT%\boost\geometry\geometries\adapted\boost_polygon
..\%__SRC%\inc\boost\geometry\geometries\adapted\boost_range\* %_DEST%\inc%_EXT%\boost\geometry\geometries\adapted\boost_range
..\%__SRC%\inc\boost\geometry\geometries\adapted\detail\* %_DEST%\inc%_EXT%\boost\geometry\geometries\adapted\detail
..\%__SRC%\inc\boost\geometry\index\* %_DEST%\inc%_EXT%\boost\geometry\index
..\%__SRC%\inc\boost\geometry\index\adaptors\* %_DEST%\inc%_EXT%\boost\geometry\index\adaptors
..\%__SRC%\inc\boost\geometry\index\detail\* %_DEST%\inc%_EXT%\boost\geometry\index\detail
..\%__SRC%\inc\boost\geometry\index\detail\algorithms\* %_DEST%\inc%_EXT%\boost\geometry\index\detail\algorithms
..\%__SRC%\inc\boost\geometry\index\detail\rtree\* %_DEST%\inc%_EXT%\boost\geometry\index\detail\rtree
..\%__SRC%\inc\boost\geometry\index\detail\rtree\kmeans\* %_DEST%\inc%_EXT%\boost\geometry\index\detail\rtree\kmeans
..\%__SRC%\inc\boost\geometry\index\detail\rtree\linear\* %_DEST%\inc%_EXT%\boost\geometry\index\detail\rtree\linear
..\%__SRC%\inc\boost\geometry\index\detail\rtree\node\* %_DEST%\inc%_EXT%\boost\geometry\index\detail\rtree\node
..\%__SRC%\inc\boost\geometry\index\detail\rtree\quadratic\* %_DEST%\inc%_EXT%\boost\geometry\index\detail\rtree\quadratic
..\%__SRC%\inc\boost\geometry\index\detail\rtree\rstar\* %_DEST%\inc%_EXT%\boost\geometry\index\detail\rtree\rstar
..\%__SRC%\inc\boost\geometry\index\detail\rtree\utilities\* %_DEST%\inc%_EXT%\boost\geometry\index\detail\rtree\utilities
..\%__SRC%\inc\boost\geometry\index\detail\rtree\visitors\* %_DEST%\inc%_EXT%\boost\geometry\index\detail\rtree\visitors
..\%__SRC%\inc\boost\geometry\io\* %_DEST%\inc%_EXT%\boost\geometry\io
..\%__SRC%\inc\boost\geometry\io\dsv\* %_DEST%\inc%_EXT%\boost\geometry\io\dsv
..\%__SRC%\inc\boost\geometry\io\svg\* %_DEST%\inc%_EXT%\boost\geometry\io\svg
..\%__SRC%\inc\boost\geometry\io\wkt\* %_DEST%\inc%_EXT%\boost\geometry\io\wkt
..\%__SRC%\inc\boost\geometry\io\wkt\detail\* %_DEST%\inc%_EXT%\boost\geometry\io\wkt\detail
..\%__SRC%\inc\boost\geometry\iterators\* %_DEST%\inc%_EXT%\boost\geometry\iterators
..\%__SRC%\inc\boost\geometry\iterators\detail\* %_DEST%\inc%_EXT%\boost\geometry\iterators\detail
..\%__SRC%\inc\boost\geometry\iterators\detail\point_iterator\* %_DEST%\inc%_EXT%\boost\geometry\iterators\detail\point_iterator
..\%__SRC%\inc\boost\geometry\iterators\detail\segment_iterator\* %_DEST%\inc%_EXT%\boost\geometry\iterators\detail\segment_iterator
..\%__SRC%\inc\boost\geometry\iterators\dispatch\* %_DEST%\inc%_EXT%\boost\geometry\iterators\dispatch
..\%__SRC%\inc\boost\geometry\multi\io\dsv\* %_DEST%\inc%_EXT%\boost\geometry\multi\io\dsv
..\%__SRC%\inc\boost\geometry\multi\io\wkt\* %_DEST%\inc%_EXT%\boost\geometry\multi\io\wkt
..\%__SRC%\inc\boost\geometry\multi\io\wkt\detail\* %_DEST%\inc%_EXT%\boost\geometry\multi\io\wkt\detail
..\%__SRC%\inc\boost\geometry\policies\is_valid\* %_DEST%\inc%_EXT%\boost\geometry\policies\is_valid
..\%__SRC%\inc\boost\geometry\policies\robustness\* %_DEST%\inc%_EXT%\boost\geometry\policies\robustness
..\%__SRC%\inc\boost\geometry\srs\* %_DEST%\inc%_EXT%\boost\geometry\srs
..\%__SRC%\inc\boost\geometry\srs\projections\* %_DEST%\inc%_EXT%\boost\geometry\srs\projections
..\%__SRC%\inc\boost\geometry\srs\projections\impl\* %_DEST%\inc%_EXT%\boost\geometry\srs\projections\impl
..\%__SRC%\inc\boost\geometry\srs\projections\proj\* %_DEST%\inc%_EXT%\boost\geometry\srs\projections\proj
..\%__SRC%\inc\boost\geometry\strategies\area\* %_DEST%\inc%_EXT%\boost\geometry\strategies\area
..\%__SRC%\inc\boost\geometry\strategies\azimuth\* %_DEST%\inc%_EXT%\boost\geometry\strategies\azimuth
..\%__SRC%\inc\boost\geometry\strategies\buffer\* %_DEST%\inc%_EXT%\boost\geometry\strategies\buffer
..\%__SRC%\inc\boost\geometry\strategies\centroid\* %_DEST%\inc%_EXT%\boost\geometry\strategies\centroid
..\%__SRC%\inc\boost\geometry\strategies\closest_points\* %_DEST%\inc%_EXT%\boost\geometry\strategies\closest_points
..\%__SRC%\inc\boost\geometry\strategies\convex_hull\* %_DEST%\inc%_EXT%\boost\geometry\strategies\convex_hull
..\%__SRC%\inc\boost\geometry\strategies\densify\* %_DEST%\inc%_EXT%\boost\geometry\strategies\densify
..\%__SRC%\inc\boost\geometry\strategies\discrete_distance\* %_DEST%\inc%_EXT%\boost\geometry\strategies\discrete_distance
..\%__SRC%\inc\boost\geometry\strategies\distance\* %_DEST%\inc%_EXT%\boost\geometry\strategies\distance
..\%__SRC%\inc\boost\geometry\strategies\envelope\* %_DEST%\inc%_EXT%\boost\geometry\strategies\envelope
..\%__SRC%\inc\boost\geometry\strategies\expand\* %_DEST%\inc%_EXT%\boost\geometry\strategies\expand
..\%__SRC%\inc\boost\geometry\strategies\geographic\* %_DEST%\inc%_EXT%\boost\geometry\strategies\geographic
..\%__SRC%\inc\boost\geometry\strategies\index\* %_DEST%\inc%_EXT%\boost\geometry\strategies\index
..\%__SRC%\inc\boost\geometry\strategies\io\* %_DEST%\inc%_EXT%\boost\geometry\strategies\io
..\%__SRC%\inc\boost\geometry\strategies\is_convex\* %_DEST%\inc%_EXT%\boost\geometry\strategies\is_convex
..\%__SRC%\inc\boost\geometry\strategies\length\* %_DEST%\inc%_EXT%\boost\geometry\strategies\length
..\%__SRC%\inc\boost\geometry\strategies\line_interpolate\* %_DEST%\inc%_EXT%\boost\geometry\strategies\line_interpolate
..\%__SRC%\inc\boost\geometry\strategies\relate\* %_DEST%\inc%_EXT%\boost\geometry\strategies\relate
..\%__SRC%\inc\boost\geometry\strategies\simplify\* %_DEST%\inc%_EXT%\boost\geometry\strategies\simplify
..\%__SRC%\inc\boost\geometry\strategy\* %_DEST%\inc%_EXT%\boost\geometry\strategy
..\%__SRC%\inc\boost\geometry\strategy\cartesian\* %_DEST%\inc%_EXT%\boost\geometry\strategy\cartesian
..\%__SRC%\inc\boost\geometry\strategy\geographic\* %_DEST%\inc%_EXT%\boost\geometry\strategy\geographic
..\%__SRC%\inc\boost\geometry\strategy\spherical\* %_DEST%\inc%_EXT%\boost\geometry\strategy\spherical
..\%__SRC%\inc\boost\geometry\views\detail\* %_DEST%\inc%_EXT%\boost\geometry\views\detail
..\%__SRC%\inc\boost\geometry\views\detail\boundary_view\* %_DEST%\inc%_EXT%\boost\geometry\views\detail\boundary_view
..\%__SRC%\inc\boost\gil\concepts\* %_DEST%\inc%_EXT%\boost\gil\concepts
..\%__SRC%\inc\boost\gil\concepts\detail\* %_DEST%\inc%_EXT%\boost\gil\concepts\detail
..\%__SRC%\inc\boost\gil\detail\* %_DEST%\inc%_EXT%\boost\gil\detail
..\%__SRC%\inc\boost\gil\extension\histogram\* %_DEST%\inc%_EXT%\boost\gil\extension\histogram
..\%__SRC%\inc\boost\gil\extension\image_processing\* %_DEST%\inc%_EXT%\boost\gil\extension\image_processing
..\%__SRC%\inc\boost\gil\extension\io\bmp\* %_DEST%\inc%_EXT%\boost\gil\extension\io\bmp
..\%__SRC%\inc\boost\gil\extension\io\bmp\detail\* %_DEST%\inc%_EXT%\boost\gil\extension\io\bmp\detail
..\%__SRC%\inc\boost\gil\extension\io\jpeg\* %_DEST%\inc%_EXT%\boost\gil\extension\io\jpeg
..\%__SRC%\inc\boost\gil\extension\io\jpeg\detail\* %_DEST%\inc%_EXT%\boost\gil\extension\io\jpeg\detail
..\%__SRC%\inc\boost\gil\extension\io\png\* %_DEST%\inc%_EXT%\boost\gil\extension\io\png
..\%__SRC%\inc\boost\gil\extension\io\png\detail\* %_DEST%\inc%_EXT%\boost\gil\extension\io\png\detail
..\%__SRC%\inc\boost\gil\extension\io\pnm\* %_DEST%\inc%_EXT%\boost\gil\extension\io\pnm
..\%__SRC%\inc\boost\gil\extension\io\pnm\detail\* %_DEST%\inc%_EXT%\boost\gil\extension\io\pnm\detail
..\%__SRC%\inc\boost\gil\extension\io\raw\* %_DEST%\inc%_EXT%\boost\gil\extension\io\raw
..\%__SRC%\inc\boost\gil\extension\io\raw\detail\* %_DEST%\inc%_EXT%\boost\gil\extension\io\raw\detail
..\%__SRC%\inc\boost\gil\extension\io\targa\* %_DEST%\inc%_EXT%\boost\gil\extension\io\targa
..\%__SRC%\inc\boost\gil\extension\io\targa\detail\* %_DEST%\inc%_EXT%\boost\gil\extension\io\targa\detail
..\%__SRC%\inc\boost\gil\extension\io\tiff\* %_DEST%\inc%_EXT%\boost\gil\extension\io\tiff
..\%__SRC%\inc\boost\gil\extension\io\tiff\detail\* %_DEST%\inc%_EXT%\boost\gil\extension\io\tiff\detail
..\%__SRC%\inc\boost\gil\extension\numeric\* %_DEST%\inc%_EXT%\boost\gil\extension\numeric
..\%__SRC%\inc\boost\gil\extension\rasterization\* %_DEST%\inc%_EXT%\boost\gil\extension\rasterization
..\%__SRC%\inc\boost\gil\extension\toolbox\* %_DEST%\inc%_EXT%\boost\gil\extension\toolbox
..\%__SRC%\inc\boost\gil\extension\toolbox\color_converters\* %_DEST%\inc%_EXT%\boost\gil\extension\toolbox\color_converters
..\%__SRC%\inc\boost\gil\extension\toolbox\color_spaces\* %_DEST%\inc%_EXT%\boost\gil\extension\toolbox\color_spaces
..\%__SRC%\inc\boost\gil\extension\toolbox\image_types\* %_DEST%\inc%_EXT%\boost\gil\extension\toolbox\image_types
..\%__SRC%\inc\boost\gil\extension\toolbox\metafunctions\* %_DEST%\inc%_EXT%\boost\gil\extension\toolbox\metafunctions
..\%__SRC%\inc\boost\gil\image_processing\* %_DEST%\inc%_EXT%\boost\gil\image_processing
..\%__SRC%\inc\boost\gil\io\* %_DEST%\inc%_EXT%\boost\gil\io
..\%__SRC%\inc\boost\gil\io\detail\* %_DEST%\inc%_EXT%\boost\gil\io\detail
..\%__SRC%\inc\boost\icl\predicates\* %_DEST%\inc%_EXT%\boost\icl\predicates
..\%__SRC%\inc\boost\interprocess\sync\detail\* %_DEST%\inc%_EXT%\boost\interprocess\sync\detail
..\%__SRC%\inc\boost\interprocess\sync\shm\* %_DEST%\inc%_EXT%\boost\interprocess\sync\shm
..\%__SRC%\inc\boost\interprocess\sync\spin\* %_DEST%\inc%_EXT%\boost\interprocess\sync\spin
..\%__SRC%\inc\boost\interprocess\sync\windows\* %_DEST%\inc%_EXT%\boost\interprocess\sync\windows
..\%__SRC%\inc\boost\math\ccmath\* %_DEST%\inc%_EXT%\boost\math\ccmath
..\%__SRC%\inc\boost\math\ccmath\detail\* %_DEST%\inc%_EXT%\boost\math\ccmath\detail
..\%__SRC%\inc\boost\math\cstdfloat\* %_DEST%\inc%_EXT%\boost\math\cstdfloat
..\%__SRC%\inc\boost\math\differentiation\* %_DEST%\inc%_EXT%\boost\math\differentiation
..\%__SRC%\inc\boost\math\filters\* %_DEST%\inc%_EXT%\boost\math\filters
..\%__SRC%\inc\boost\math\interpolators\* %_DEST%\inc%_EXT%\boost\math\interpolators
..\%__SRC%\inc\boost\math\interpolators\detail\* %_DEST%\inc%_EXT%\boost\math\interpolators\detail
..\%__SRC%\inc\boost\math\quadrature\* %_DEST%\inc%_EXT%\boost\math\quadrature
..\%__SRC%\inc\boost\math\quadrature\detail\* %_DEST%\inc%_EXT%\boost\math\quadrature\detail
..\%__SRC%\inc\boost\math\statistics\* %_DEST%\inc%_EXT%\boost\math\statistics
..\%__SRC%\inc\boost\math\statistics\detail\* %_DEST%\inc%_EXT%\boost\math\statistics\detail
..\%__SRC%\inc\boost\move\algo\* %_DEST%\inc%_EXT%\boost\move\algo
..\%__SRC%\inc\boost\move\algo\detail\* %_DEST%\inc%_EXT%\boost\move\algo\detail
..\%__SRC%\inc\boost\multiprecision\concepts\* %_DEST%\inc%_EXT%\boost\multiprecision\concepts
..\%__SRC%\inc\boost\multiprecision\cpp_bin_float\* %_DEST%\inc%_EXT%\boost\multiprecision\cpp_bin_float
..\%__SRC%\inc\boost\multiprecision\detail\functions\* %_DEST%\inc%_EXT%\boost\multiprecision\detail\functions
..\%__SRC%\inc\boost\numeric\odeint\algebra\detail\* %_DEST%\inc%_EXT%\boost\numeric\odeint\algebra\detail
..\%__SRC%\inc\boost\numeric\odeint\external\blaze\* %_DEST%\inc%_EXT%\boost\numeric\odeint\external\blaze
..\%__SRC%\inc\boost\numeric\odeint\external\compute\* %_DEST%\inc%_EXT%\boost\numeric\odeint\external\compute
..\%__SRC%\inc\boost\numeric\odeint\external\eigen\* %_DEST%\inc%_EXT%\boost\numeric\odeint\external\eigen
..\%__SRC%\inc\boost\numeric\odeint\external\gsl\* %_DEST%\inc%_EXT%\boost\numeric\odeint\external\gsl
..\%__SRC%\inc\boost\numeric\odeint\external\mkl\* %_DEST%\inc%_EXT%\boost\numeric\odeint\external\mkl
..\%__SRC%\inc\boost\numeric\odeint\external\mpi\* %_DEST%\inc%_EXT%\boost\numeric\odeint\external\mpi
..\%__SRC%\inc\boost\numeric\odeint\external\mtl4\* %_DEST%\inc%_EXT%\boost\numeric\odeint\external\mtl4
..\%__SRC%\inc\boost\numeric\odeint\external\nt2\* %_DEST%\inc%_EXT%\boost\numeric\odeint\external\nt2
..\%__SRC%\inc\boost\numeric\odeint\external\openmp\* %_DEST%\inc%_EXT%\boost\numeric\odeint\external\openmp
..\%__SRC%\inc\boost\numeric\odeint\external\thrust\* %_DEST%\inc%_EXT%\boost\numeric\odeint\external\thrust
..\%__SRC%\inc\boost\numeric\odeint\iterator\* %_DEST%\inc%_EXT%\boost\numeric\odeint\iterator
..\%__SRC%\inc\boost\numeric\odeint\iterator\detail\* %_DEST%\inc%_EXT%\boost\numeric\odeint\iterator\detail
..\%__SRC%\inc\boost\numeric\odeint\iterator\impl\* %_DEST%\inc%_EXT%\boost\numeric\odeint\iterator\impl
..\%__SRC%\inc\boost\numeric\odeint\iterator\integrate\* %_DEST%\inc%_EXT%\boost\numeric\odeint\iterator\integrate
..\%__SRC%\inc\boost\numeric\odeint\iterator\integrate\detail\* %_DEST%\inc%_EXT%\boost\numeric\odeint\iterator\integrate\detail
..\%__SRC%\inc\boost\numeric\odeint\util\detail\* %_DEST%\inc%_EXT%\boost\numeric\odeint\util\detail
..\%__SRC%\inc\boost\numeric\ublas\opencl\* %_DEST%\inc%_EXT%\boost\numeric\ublas\opencl
..\%__SRC%\inc\boost\numeric\ublas\tensor\* %_DEST%\inc%_EXT%\boost\numeric\ublas\tensor
..\%__SRC%\inc\boost\optional\detail\* %_DEST%\inc%_EXT%\boost\optional\detail
..\%__SRC%\inc\boost\parameter\aux_\pack\* %_DEST%\inc%_EXT%\boost\parameter\aux_\pack
..\%__SRC%\inc\boost\parameter\aux_\pp_impl\* %_DEST%\inc%_EXT%\boost\parameter\aux_\pp_impl
..\%__SRC%\inc\boost\parameter\aux_\preprocessor\impl\* %_DEST%\inc%_EXT%\boost\parameter\aux_\preprocessor\impl
..\%__SRC%\inc\boost\phoenix\bind\detail\cpp03\* %_DEST%\inc%_EXT%\boost\phoenix\bind\detail\cpp03
..\%__SRC%\inc\boost\phoenix\bind\detail\cpp03\preprocessed\* %_DEST%\inc%_EXT%\boost\phoenix\bind\detail\cpp03\preprocessed
..\%__SRC%\inc\boost\phoenix\core\detail\cpp03\* %_DEST%\inc%_EXT%\boost\phoenix\core\detail\cpp03
..\%__SRC%\inc\boost\phoenix\core\detail\cpp03\preprocessed\* %_DEST%\inc%_EXT%\boost\phoenix\core\detail\cpp03\preprocessed
..\%__SRC%\inc\boost\phoenix\function\detail\cpp03\* %_DEST%\inc%_EXT%\boost\phoenix\function\detail\cpp03
..\%__SRC%\inc\boost\phoenix\function\detail\cpp03\preprocessed\* %_DEST%\inc%_EXT%\boost\phoenix\function\detail\cpp03\preprocessed
..\%__SRC%\inc\boost\phoenix\fusion\* %_DEST%\inc%_EXT%\boost\phoenix\fusion
..\%__SRC%\inc\boost\phoenix\object\detail\cpp03\* %_DEST%\inc%_EXT%\boost\phoenix\object\detail\cpp03
..\%__SRC%\inc\boost\phoenix\object\detail\cpp03\preprocessed\* %_DEST%\inc%_EXT%\boost\phoenix\object\detail\cpp03\preprocessed
..\%__SRC%\inc\boost\phoenix\operator\detail\cpp03\* %_DEST%\inc%_EXT%\boost\phoenix\operator\detail\cpp03
..\%__SRC%\inc\boost\phoenix\operator\detail\cpp03\preprocessed\* %_DEST%\inc%_EXT%\boost\phoenix\operator\detail\cpp03\preprocessed
..\%__SRC%\inc\boost\phoenix\scope\detail\cpp03\* %_DEST%\inc%_EXT%\boost\phoenix\scope\detail\cpp03
..\%__SRC%\inc\boost\phoenix\scope\detail\cpp03\preprocessed\* %_DEST%\inc%_EXT%\boost\phoenix\scope\detail\cpp03\preprocessed
..\%__SRC%\inc\boost\phoenix\stl\algorithm\* %_DEST%\inc%_EXT%\boost\phoenix\stl\algorithm
..\%__SRC%\inc\boost\phoenix\stl\algorithm\detail\* %_DEST%\inc%_EXT%\boost\phoenix\stl\algorithm\detail
..\%__SRC%\inc\boost\phoenix\stl\container\* %_DEST%\inc%_EXT%\boost\phoenix\stl\container
..\%__SRC%\inc\boost\phoenix\stl\container\detail\* %_DEST%\inc%_EXT%\boost\phoenix\stl\container\detail
..\%__SRC%\inc\boost\phoenix\support\preprocessor\* %_DEST%\inc%_EXT%\boost\phoenix\support\preprocessor
..\%__SRC%\inc\boost\predef\compiler\* %_DEST%\inc%_EXT%\boost\predef\compiler
..\%__SRC%\inc\boost\predef\hardware\* %_DEST%\inc%_EXT%\boost\predef\hardware
..\%__SRC%\inc\boost\predef\hardware\simd\* %_DEST%\inc%_EXT%\boost\predef\hardware\simd
..\%__SRC%\inc\boost\predef\hardware\simd\arm\* %_DEST%\inc%_EXT%\boost\predef\hardware\simd\arm
..\%__SRC%\inc\boost\predef\hardware\simd\ppc\* %_DEST%\inc%_EXT%\boost\predef\hardware\simd\ppc
..\%__SRC%\inc\boost\predef\hardware\simd\x86\* %_DEST%\inc%_EXT%\boost\predef\hardware\simd\x86
..\%__SRC%\inc\boost\predef\hardware\simd\x86_amd\* %_DEST%\inc%_EXT%\boost\predef\hardware\simd\x86_amd
..\%__SRC%\inc\boost\predef\language\* %_DEST%\inc%_EXT%\boost\predef\language
..\%__SRC%\inc\boost\predef\library\std\* %_DEST%\inc%_EXT%\boost\predef\library\std
..\%__SRC%\inc\boost\predef\platform\* %_DEST%\inc%_EXT%\boost\predef\platform
..\%__SRC%\inc\boost\preprocessor\arithmetic\limits\* %_DEST%\inc%_EXT%\boost\preprocessor\arithmetic\limits
..\%__SRC%\inc\boost\preprocessor\array\detail\* %_DEST%\inc%_EXT%\boost\preprocessor\array\detail
..\%__SRC%\inc\boost\preprocessor\comparison\limits\* %_DEST%\inc%_EXT%\boost\preprocessor\comparison\limits
..\%__SRC%\inc\boost\preprocessor\control\detail\edg\limits\* %_DEST%\inc%_EXT%\boost\preprocessor\control\detail\edg\limits
..\%__SRC%\inc\boost\preprocessor\control\detail\limits\* %_DEST%\inc%_EXT%\boost\preprocessor\control\detail\limits
..\%__SRC%\inc\boost\preprocessor\control\limits\* %_DEST%\inc%_EXT%\boost\preprocessor\control\limits
..\%__SRC%\inc\boost\preprocessor\detail\limits\* %_DEST%\inc%_EXT%\boost\preprocessor\detail\limits
..\%__SRC%\inc\boost\preprocessor\facilities\detail\* %_DEST%\inc%_EXT%\boost\preprocessor\facilities\detail
..\%__SRC%\inc\boost\preprocessor\facilities\limits\* %_DEST%\inc%_EXT%\boost\preprocessor\facilities\limits
..\%__SRC%\inc\boost\preprocessor\iteration\detail\iter\limits\* %_DEST%\inc%_EXT%\boost\preprocessor\iteration\detail\iter\limits
..\%__SRC%\inc\boost\preprocessor\iteration\detail\limits\* %_DEST%\inc%_EXT%\boost\preprocessor\iteration\detail\limits
..\%__SRC%\inc\boost\preprocessor\list\detail\edg\limits\* %_DEST%\inc%_EXT%\boost\preprocessor\list\detail\edg\limits
..\%__SRC%\inc\boost\preprocessor\list\detail\limits\* %_DEST%\inc%_EXT%\boost\preprocessor\list\detail\limits
..\%__SRC%\inc\boost\preprocessor\list\limits\* %_DEST%\inc%_EXT%\boost\preprocessor\list\limits
..\%__SRC%\inc\boost\preprocessor\logical\limits\* %_DEST%\inc%_EXT%\boost\preprocessor\logical\limits
..\%__SRC%\inc\boost\preprocessor\punctuation\detail\* %_DEST%\inc%_EXT%\boost\preprocessor\punctuation\detail
..\%__SRC%\inc\boost\preprocessor\repetition\detail\edg\limits\* %_DEST%\inc%_EXT%\boost\preprocessor\repetition\detail\edg\limits
..\%__SRC%\inc\boost\preprocessor\repetition\detail\limits\* %_DEST%\inc%_EXT%\boost\preprocessor\repetition\detail\limits
..\%__SRC%\inc\boost\preprocessor\repetition\limits\* %_DEST%\inc%_EXT%\boost\preprocessor\repetition\limits
..\%__SRC%\inc\boost\preprocessor\seq\detail\limits\* %_DEST%\inc%_EXT%\boost\preprocessor\seq\detail\limits
..\%__SRC%\inc\boost\preprocessor\seq\limits\* %_DEST%\inc%_EXT%\boost\preprocessor\seq\limits
..\%__SRC%\inc\boost\preprocessor\tuple\detail\* %_DEST%\inc%_EXT%\boost\preprocessor\tuple\detail
..\%__SRC%\inc\boost\preprocessor\tuple\limits\* %_DEST%\inc%_EXT%\boost\preprocessor\tuple\limits
..\%__SRC%\inc\boost\preprocessor\variadic\detail\* %_DEST%\inc%_EXT%\boost\preprocessor\variadic\detail
..\%__SRC%\inc\boost\preprocessor\variadic\limits\* %_DEST%\inc%_EXT%\boost\preprocessor\variadic\limits
..\%__SRC%\inc\boost\property_map\parallel\detail\* %_DEST%\inc%_EXT%\boost\property_map\parallel\detail
..\%__SRC%\inc\boost\property_tree\json_parser\* %_DEST%\inc%_EXT%\boost\property_tree\json_parser
..\%__SRC%\inc\boost\property_tree\json_parser\detail\* %_DEST%\inc%_EXT%\boost\property_tree\json_parser\detail
..\%__SRC%\inc\boost\proto\context\detail\* %_DEST%\inc%_EXT%\boost\proto\context\detail
..\%__SRC%\inc\boost\proto\context\detail\preprocessed\* %_DEST%\inc%_EXT%\boost\proto\context\detail\preprocessed
..\%__SRC%\inc\boost\proto\detail\preprocessed\* %_DEST%\inc%_EXT%\boost\proto\detail\preprocessed
..\%__SRC%\inc\boost\proto\functional\range\* %_DEST%\inc%_EXT%\boost\proto\functional\range
..\%__SRC%\inc\boost\regex\v5\* %_DEST%\inc%_EXT%\boost\regex\v5
..\%__SRC%\inc\boost\spirit\home\support\utree\* %_DEST%\inc%_EXT%\boost\spirit\home\support\utree
..\%__SRC%\inc\boost\spirit\home\support\utree\detail\* %_DEST%\inc%_EXT%\boost\spirit\home\support\utree\detail
..\%__SRC%\inc\boost\spirit\home\x3\* %_DEST%\inc%_EXT%\boost\spirit\home\x3
..\%__SRC%\inc\boost\spirit\home\x3\auxiliary\* %_DEST%\inc%_EXT%\boost\spirit\home\x3\auxiliary
..\%__SRC%\inc\boost\spirit\home\x3\binary\* %_DEST%\inc%_EXT%\boost\spirit\home\x3\binary
..\%__SRC%\inc\boost\spirit\home\x3\char\* %_DEST%\inc%_EXT%\boost\spirit\home\x3\char
..\%__SRC%\inc\boost\spirit\home\x3\char\detail\* %_DEST%\inc%_EXT%\boost\spirit\home\x3\char\detail
..\%__SRC%\inc\boost\spirit\home\x3\core\* %_DEST%\inc%_EXT%\boost\spirit\home\x3\core
..\%__SRC%\inc\boost\spirit\home\x3\core\detail\* %_DEST%\inc%_EXT%\boost\spirit\home\x3\core\detail
..\%__SRC%\inc\boost\spirit\home\x3\directive\* %_DEST%\inc%_EXT%\boost\spirit\home\x3\directive
..\%__SRC%\inc\boost\spirit\home\x3\nonterminal\* %_DEST%\inc%_EXT%\boost\spirit\home\x3\nonterminal
..\%__SRC%\inc\boost\spirit\home\x3\nonterminal\detail\* %_DEST%\inc%_EXT%\boost\spirit\home\x3\nonterminal\detail
..\%__SRC%\inc\boost\spirit\home\x3\numeric\* %_DEST%\inc%_EXT%\boost\spirit\home\x3\numeric
..\%__SRC%\inc\boost\spirit\home\x3\operator\* %_DEST%\inc%_EXT%\boost\spirit\home\x3\operator
..\%__SRC%\inc\boost\spirit\home\x3\operator\detail\* %_DEST%\inc%_EXT%\boost\spirit\home\x3\operator\detail
..\%__SRC%\inc\boost\spirit\home\x3\string\* %_DEST%\inc%_EXT%\boost\spirit\home\x3\string
..\%__SRC%\inc\boost\spirit\home\x3\string\detail\* %_DEST%\inc%_EXT%\boost\spirit\home\x3\string\detail
..\%__SRC%\inc\boost\spirit\home\x3\support\* %_DEST%\inc%_EXT%\boost\spirit\home\x3\support
..\%__SRC%\inc\boost\spirit\home\x3\support\ast\* %_DEST%\inc%_EXT%\boost\spirit\home\x3\support\ast
..\%__SRC%\inc\boost\spirit\home\x3\support\numeric_utils\* %_DEST%\inc%_EXT%\boost\spirit\home\x3\support\numeric_utils
..\%__SRC%\inc\boost\spirit\home\x3\support\numeric_utils\detail\* %_DEST%\inc%_EXT%\boost\spirit\home\x3\support\numeric_utils\detail
..\%__SRC%\inc\boost\spirit\home\x3\support\traits\* %_DEST%\inc%_EXT%\boost\spirit\home\x3\support\traits
..\%__SRC%\inc\boost\spirit\home\x3\support\utility\* %_DEST%\inc%_EXT%\boost\spirit\home\x3\support\utility
..\%__SRC%\inc\boost\spirit\repository\home\qi\operator\* %_DEST%\inc%_EXT%\boost\spirit\repository\home\qi\operator
..\%__SRC%\inc\boost\spirit\repository\home\qi\operator\detail\* %_DEST%\inc%_EXT%\boost\spirit\repository\home\qi\operator\detail
..\%__SRC%\inc\boost\system\detail\* %_DEST%\inc%_EXT%\boost\system\detail
..\%__SRC%\inc\boost\test\data\* %_DEST%\inc%_EXT%\boost\test\data
..\%__SRC%\inc\boost\test\data\monomorphic\* %_DEST%\inc%_EXT%\boost\test\data\monomorphic
..\%__SRC%\inc\boost\test\data\monomorphic\generators\* %_DEST%\inc%_EXT%\boost\test\data\monomorphic\generators
..\%__SRC%\inc\boost\test\tools\* %_DEST%\inc%_EXT%\boost\test\tools
..\%__SRC%\inc\boost\test\tools\detail\* %_DEST%\inc%_EXT%\boost\test\tools\detail
..\%__SRC%\inc\boost\test\tools\old\* %_DEST%\inc%_EXT%\boost\test\tools\old
..\%__SRC%\inc\boost\test\tree\* %_DEST%\inc%_EXT%\boost\test\tree
..\%__SRC%\inc\boost\thread\concurrent_queues\* %_DEST%\inc%_EXT%\boost\thread\concurrent_queues
..\%__SRC%\inc\boost\thread\concurrent_queues\detail\* %_DEST%\inc%_EXT%\boost\thread\concurrent_queues\detail
..\%__SRC%\inc\boost\thread\csbl\* %_DEST%\inc%_EXT%\boost\thread\csbl
..\%__SRC%\inc\boost\thread\csbl\memory\* %_DEST%\inc%_EXT%\boost\thread\csbl\memory
..\%__SRC%\inc\boost\thread\executors\* %_DEST%\inc%_EXT%\boost\thread\executors
..\%__SRC%\inc\boost\thread\executors\detail\* %_DEST%\inc%_EXT%\boost\thread\executors\detail
..\%__SRC%\inc\boost\thread\experimental\* %_DEST%\inc%_EXT%\boost\thread\experimental
..\%__SRC%\inc\boost\thread\experimental\config\* %_DEST%\inc%_EXT%\boost\thread\experimental\config
..\%__SRC%\inc\boost\thread\experimental\parallel\v1\* %_DEST%\inc%_EXT%\boost\thread\experimental\parallel\v1
..\%__SRC%\inc\boost\thread\experimental\parallel\v2\* %_DEST%\inc%_EXT%\boost\thread\experimental\parallel\v2
..\%__SRC%\inc\boost\thread\futures\* %_DEST%\inc%_EXT%\boost\thread\futures
..\%__SRC%\inc\boost\thread\v2\* %_DEST%\inc%_EXT%\boost\thread\v2
..\%__SRC%\inc\boost\timer\* %_DEST%\inc%_EXT%\boost\timer
..\%__SRC%\inc\boost\units\base_units\information\* %_DEST%\inc%_EXT%\boost\units\base_units\information
..\%__SRC%\inc\boost\units\systems\information\* %_DEST%\inc%_EXT%\boost\units\systems\information
..\%__SRC%\inc\boost\unordered\detail\foa\* %_DEST%\inc%_EXT%\boost\unordered\detail\foa
..\%__SRC%\inc\boost\uuid\detail\* %_DEST%\inc%_EXT%\boost\uuid\detail
